Workbook

Sheet قائمة الموديلات
A1: بيانات الموديلات (مرجع الملخصات والقوائم المنسدلة).
A2: املأ/راجع التفاصيل لإظهار تقارير احترافية.
A4: اسم الموديل (Code) | B4: الاسم المعروض (Display) | C4: الفئة (رجالي/حريمي/يونيسكس) | D4: النوع (سنيكر/كلاسيك/سبورت…) | E4: SKU Prefix | F4: نطاق المقاسات (CSV) | G4: الألوان المتاحة (CSV) | H4: سعر البيع (Retail) | I4: سعر الجملة (Wholesale) | J4: التكلفة | K4: الوزن (جرام) | L4: المخزن/الرف
A5: HK01
A6: HK02
A7: LK01
A8: MKM
A9: AMA8
A10: SK5
A11: MK04
A12: D2
A13: D4
A14: SK23

Sheet طلبات مُدخَلة
A1: التاريخ | B1: الوقت | C1: رقم الطلب | D1: اسم الموديل | E1: SKU/الكود | F1: اللون | G1: المقاس | H1: الكمية | I1: المحافظة/المدينة | J1: ملاحظات

Sheet ملخص المُدخَل
A1: ملخص المرحلة: طلبات مُدخَلة على النظام
A2: إجمالي الكميات لكل موديل (بدون أرقام الطلبات).
A3: يمكن تحديد تاريخ لتصفية الملخص (اختياري).
A4: التاريخ (اختياري): | C4: اتركه فارغًا لعرض جميع البيانات.
A6: اسم الموديل | B6: إجمالي الكمية
A7: ='قائمة الموديلات'!$A$5 -> 0 | B7: =IF(B4="",SUMIF('طلبات مُدخَلة'!$D:$D, A6, 'طلبات مُدخَلة'!$H:$H),SUMIFS('طلبات مُدخَلة'!$H:$H, 'طلبات مُدخَلة'!$D:$D, A6, 'طلبات مُدخَلة'!$A:$A, B4)) -> 0 | D7: إجمالي المرحلة (كل الموديلات): | E7: =SUM(B6:B1005) -> 0
A8: ='قائمة الموديلات'!$A$6 -> 0 | B8: =IF(B4="",SUMIF('طلبات مُدخَلة'!$D:$D, A7, 'طلبات مُدخَلة'!$H:$H),SUMIFS('طلبات مُدخَلة'!$H:$H, 'طلبات مُدخَلة'!$D:$D, A7, 'طلبات مُدخَلة'!$A:$A, B4)) -> 0
A9: ='قائمة الموديلات'!$A$7 -> 0 | B9: =IF(B4="",SUMIF('طلبات مُدخَلة'!$D:$D, A8, 'طلبات مُدخَلة'!$H:$H),SUMIFS('طلبات مُدخَلة'!$H:$H, 'طلبات مُدخَلة'!$D:$D, A8, 'طلبات مُدخَلة'!$A:$A, B4)) -> 0
A10: ='قائمة الموديلات'!$A$8 -> 0 | B10: =IF(B4="",SUMIF('طلبات مُدخَلة'!$D:$D, A9, 'طلبات مُدخَلة'!$H:$H),SUMIFS('طلبات مُدخَلة'!$H:$H, 'طلبات مُدخَلة'!$D:$D, A9, 'طلبات مُدخَلة'!$A:$A, B4)) -> 0
A11: ='قائمة الموديلات'!$A$9 -> 0 | B11: =IF(B4="",SUMIF('طلبات مُدخَلة'!$D:$D, A10, 'طلبات مُدخَلة'!$H:$H),SUMIFS('طلبات مُدخَلة'!$H:$H, 'طلبات مُدخَلة'!$D:$D, A10, 'طلبات مُدخَلة'!$A:$A, B4)) -> 0
A12: ='قائمة الموديلات'!$A$10 -> 0 | B12: =IF(B4="",SUMIF('طلبات مُدخَلة'!$D:$D, A11, 'طلبات مُدخَلة'!$H:$H),SUMIFS('طلبات مُدخَلة'!$H:$H, 'طلبات مُدخَلة'!$D:$D, A11, 'طلبات مُدخَلة'!$A:$A, B4)) -> 0
A13: ='قائمة الموديلات'!$A$11 -> 0 | B13: =IF(B4="",SUMIF('طلبات مُدخَلة'!$D:$D, A12, 'طلبات مُدخَلة'!$H:$H),SUMIFS('طلبات مُدخَلة'!$H:$H, 'طلبات مُدخَلة'!$D:$D, A12, 'طلبات مُدخَلة'!$A:$A, B4)) -> 0
A14: ='قائمة الموديلات'!$A$12 -> 0 | B14: =IF(B4="",SUMIF('طلبات مُدخَلة'!$D:$D, A13, 'طلبات مُدخَلة'!$H:$H),SUMIFS('طلبات مُدخَلة'!$H:$H, 'طلبات مُدخَلة'!$D:$D, A13, 'طلبات مُدخَلة'!$A:$A, B4)) -> 0
A15: ='قائمة الموديلات'!$A$13 -> 0 | B15: =IF(B4="",SUMIF('طلبات مُدخَلة'!$D:$D, A14, 'طلبات مُدخَلة'!$H:$H),SUMIFS('طلبات مُدخَلة'!$H:$H, 'طلبات مُدخَلة'!$D:$D, A14, 'طلبات مُدخَلة'!$A:$A, B4)) -> 0
A16: ='قائمة الموديلات'!$A$14 -> 0 | B16: =IF(B4="",SUMIF('طلبات مُدخَلة'!$D:$D, A15, 'طلبات مُدخَلة'!$H:$H),SUMIFS('طلبات مُدخَلة'!$H:$H, 'طلبات مُدخَلة'!$D:$D, A15, 'طلبات مُدخَلة'!$A:$A, B4)) -> 0
A17: ='قائمة الموديلات'!$A$15 -> 0 | B17: =IF(B4="",SUMIF('طلبات مُدخَلة'!$D:$D, A16, 'طلبات مُدخَلة'!$H:$H),SUMIFS('طلبات مُدخَلة'!$H:$H, 'طلبات مُدخَلة'!$D:$D, A16, 'طلبات مُدخَلة'!$A:$A, B4)) -> 0
A18: ='قائمة الموديلات'!$A$16 -> 0 | B18: =IF(B4="",SUMIF('طلبات مُدخَلة'!$D:$D, A17, 'طلبات مُدخَلة'!$H:$H),SUMIFS('طلبات مُدخَلة'!$H:$H, 'طلبات مُدخَلة'!$D:$D, A17, 'طلبات مُدخَلة'!$A:$A, B4)) -> 0
A19: ='قائمة الموديلات'!$A$17 -> 0 | B19: =IF(B4="",SUMIF('طلبات مُدخَلة'!$D:$D, A18, 'طلبات مُدخَلة'!$H:$H),SUMIFS('طلبات مُدخَلة'!$H:$H, 'طلبات مُدخَلة'!$D:$D, A18, 'طلبات مُدخَلة'!$A:$A, B4)) -> 0
A20: ='قائمة الموديلات'!$A$18 -> 0 | B20: =IF(B4="",SUMIF('طلبات مُدخَلة'!$D:$D, A19, 'طلبات مُدخَلة'!$H:$H),SUMIFS('طلبات مُدخَلة'!$H:$H, 'طلبات مُدخَلة'!$D:$D, A19, 'طلبات مُدخَلة'!$A:$A, B4)) -> 0
A21: ='قائمة الموديلات'!$A$19 -> 0 | B21: =IF(B4="",SUMIF('طلبات مُدخَلة'!$D:$D, A20, 'طلبات مُدخَلة'!$H:$H),SUMIFS('طلبات مُدخَلة'!$H:$H, 'طلبات مُدخَلة'!$D:$D, A20, 'طلبات مُدخَلة'!$A:$A, B4)) -> 0
A22: ='قائمة الموديلات'!$A$20 -> 0 | B22: =IF(B4="",SUMIF('طلبات مُدخَلة'!$D:$D, A21, 'طلبات مُدخَلة'!$H:$H),SUMIFS('طلبات مُدخَلة'!$H:$H, 'طلبات مُدخَلة'!$D:$D, A21, 'طلبات مُدخَلة'!$A:$A, B4)) -> 0
A23: ='قائمة الموديلات'!$A$21 -> 0 | B23: =IF(B4="",SUMIF('طلبات مُدخَلة'!$D:$D, A22, 'طلبات مُدخَلة'!$H:$H),SUMIFS('طلبات مُدخَلة'!$H:$H, 'طلبات مُدخَلة'!$D:$D, A22, 'طلبات مُدخَلة'!$A:$A, B4)) -> 0
A24: ='قائمة الموديلات'!$A$22 -> 0 | B24: =IF(B4="",SUMIF('طلبات مُدخَلة'!$D:$D, A23, 'طلبات مُدخَلة'!$H:$H),SUMIFS('طلبات مُدخَلة'!$H:$H, 'طلبات مُدخَلة'!$D:$D, A23, 'طلبات مُدخَلة'!$A:$A, B4)) -> 0
A25: ='قائمة الموديلات'!$A$23 -> 0 | B25: =IF(B4="",SUMIF('طلبات مُدخَلة'!$D:$D, A24, 'طلبات مُدخَلة'!$H:$H),SUMIFS('طلبات مُدخَلة'!$H:$H, 'طلبات مُدخَلة'!$D:$D, A24, 'طلبات مُدخَلة'!$A:$A, B4)) -> 0
A26: ='قائمة الموديلات'!$A$24 -> 0 | B26: =IF(B4="",SUMIF('طلبات مُدخَلة'!$D:$D, A25, 'طلبات مُدخَلة'!$H:$H),SUMIFS('طلبات مُدخَلة'!$H:$H, 'طلبات مُدخَلة'!$D:$D, A25, 'طلبات مُدخَلة'!$A:$A, B4)) -> 0
A27: ='قائمة الموديلات'!$A$25 -> 0 | B27: =IF(B4="",SUMIF('طلبات مُدخَلة'!$D:$D, A26, 'طلبات مُدخَلة'!$H:$H),SUMIFS('طلبات مُدخَلة'!$H:$H, 'طلبات مُدخَلة'!$D:$D, A26, 'طلبات مُدخَلة'!$A:$A, B4)) -> 0
A28: ='قائمة الموديلات'!$A$26 -> 0 | B28: =IF(B4="",SUMIF('طلبات مُدخَلة'!$D:$D, A27, 'طلبات مُدخَلة'!$H:$H),SUMIFS('طلبات مُدخَلة'!$H:$H, 'طلبات مُدخَلة'!$D:$D, A27, 'طلبات مُدخَلة'!$A:$A, B4)) -> 0
A29: ='قائمة الموديلات'!$A$27 -> 0 | B29: =IF(B4="",SUMIF('طلبات مُدخَلة'!$D:$D, A28, 'طلبات مُدخَلة'!$H:$H),SUMIFS('طلبات مُدخَلة'!$H:$H, 'طلبات مُدخَلة'!$D:$D, A28, 'طلبات مُدخَلة'!$A:$A, B4)) -> 0
A30: ='قائمة الموديلات'!$A$28 -> 0 | B30: =IF(B4="",SUMIF('طلبات مُدخَلة'!$D:$D, A29, 'طلبات مُدخَلة'!$H:$H),SUMIFS('طلبات مُدخَلة'!$H:$H, 'طلبات مُدخَلة'!$D:$D, A29, 'طلبات مُدخَلة'!$A:$A, B4)) -> 0
A31: ='قائمة الموديلات'!$A$29 -> 0 | B31: =IF(B4="",SUMIF('طلبات مُدخَلة'!$D:$D, A30, 'طلبات مُدخَلة'!$H:$H),SUMIFS('طلبات مُدخَلة'!$H:$H, 'طلبات مُدخَلة'!$D:$D, A30, 'طلبات مُدخَلة'!$A:$A, B4)) -> 0
A32: ='قائمة الموديلات'!$A$30 -> 0 | B32: =IF(B4="",SUMIF('طلبات مُدخَلة'!$D:$D, A31, 'طلبات مُدخَلة'!$H:$H),SUMIFS('طلبات مُدخَلة'!$H:$H, 'طلبات مُدخَلة'!$D:$D, A31, 'طلبات مُدخَلة'!$A:$A, B4)) -> 0
A33: ='قائمة الموديلات'!$A$31 -> 0 | B33: =IF(B4="",SUMIF('طلبات مُدخَلة'!$D:$D, A32, 'طلبات مُدخَلة'!$H:$H),SUMIFS('طلبات مُدخَلة'!$H:$H, 'طلبات مُدخَلة'!$D:$D, A32, 'طلبات مُدخَلة'!$A:$A, B4)) -> 0
A34: ='قائمة الموديلات'!$A$32 -> 0 | B34: =IF(B4="",SUMIF('طلبات مُدخَلة'!$D:$D, A33, 'طلبات مُدخَلة'!$H:$H),SUMIFS('طلبات مُدخَلة'!$H:$H, 'طلبات مُدخَلة'!$D:$D, A33, 'طلبات مُدخَلة'!$A:$A, B4)) -> 0
A35: ='قائمة الموديلات'!$A$33 -> 0 | B35: =IF(B4="",SUMIF('طلبات مُدخَلة'!$D:$D, A34, 'طلبات مُدخَلة'!$H:$H),SUMIFS('طلبات مُدخَلة'!$H:$H, 'طلبات مُدخَلة'!$D:$D, A34, 'طلبات مُدخَلة'!$A:$A, B4)) -> 0
A36: ='قائمة الموديلات'!$A$34 -> 0 | B36: =IF(B4="",SUMIF('طلبات مُدخَلة'!$D:$D, A35, 'طلبات مُدخَلة'!$H:$H),SUMIFS('طلبات مُدخَلة'!$H:$H, 'طلبات مُدخَلة'!$D:$D, A35, 'طلبات مُدخَلة'!$A:$A, B4)) -> 0
A37: ='قائمة الموديلات'!$A$35 -> 0 | B37: =IF(B4="",SUMIF('طلبات مُدخَلة'!$D:$D, A36, 'طلبات مُدخَلة'!$H:$H),SUMIFS('طلبات مُدخَلة'!$H:$H, 'طلبات مُدخَلة'!$D:$D, A36, 'طلبات مُدخَلة'!$A:$A, B4)) -> 0
A38: ='قائمة الموديلات'!$A$36 -> 0 | B38: =IF(B4="",SUMIF('طلبات مُدخَلة'!$D:$D, A37, 'طلبات مُدخَلة'!$H:$H),SUMIFS('طلبات مُدخَلة'!$H:$H, 'طلبات مُدخَلة'!$D:$D, A37, 'طلبات مُدخَلة'!$A:$A, B4)) -> 0
A39: ='قائمة الموديلات'!$A$37 -> 0 | B39: =IF(B4="",SUMIF('طلبات مُدخَلة'!$D:$D, A38, 'طلبات مُدخَلة'!$H:$H),SUMIFS('طلبات مُدخَلة'!$H:$H, 'طلبات مُدخَلة'!$D:$D, A38, 'طلبات مُدخَلة'!$A:$A, B4)) -> 0
A40: ='قائمة الموديلات'!$A$38 -> 0 | B40: =IF(B4="",SUMIF('طلبات مُدخَلة'!$D:$D, A39, 'طلبات مُدخَلة'!$H:$H),SUMIFS('طلبات مُدخَلة'!$H:$H, 'طلبات مُدخَلة'!$D:$D, A39, 'طلبات مُدخَلة'!$A:$A, B4)) -> 0
A41: ='قائمة الموديلات'!$A$39 -> 0 | B41: =IF(B4="",SUMIF('طلبات مُدخَلة'!$D:$D, A40, 'طلبات مُدخَلة'!$H:$H),SUMIFS('طلبات مُدخَلة'!$H:$H, 'طلبات مُدخَلة'!$D:$D, A40, 'طلبات مُدخَلة'!$A:$A, B4)) -> 0
A42: ='قائمة الموديلات'!$A$40 -> 0 | B42: =IF(B4="",SUMIF('طلبات مُدخَلة'!$D:$D, A41, 'طلبات مُدخَلة'!$H:$H),SUMIFS('طلبات مُدخَلة'!$H:$H, 'طلبات مُدخَلة'!$D:$D, A41, 'طلبات مُدخَلة'!$A:$A, B4)) -> 0
A43: ='قائمة الموديلات'!$A$41 -> 0 | B43: =IF(B4="",SUMIF('طلبات مُدخَلة'!$D:$D, A42, 'طلبات مُدخَلة'!$H:$H),SUMIFS('طلبات مُدخَلة'!$H:$H, 'طلبات مُدخَلة'!$D:$D, A42, 'طلبات مُدخَلة'!$A:$A, B4)) -> 0
A44: ='قائمة الموديلات'!$A$42 -> 0 | B44: =IF(B4="",SUMIF('طلبات مُدخَلة'!$D:$D, A43, 'طلبات مُدخَلة'!$H:$H),SUMIFS('طلبات مُدخَلة'!$H:$H, 'طلبات مُدخَلة'!$D:$D, A43, 'طلبات مُدخَلة'!$A:$A, B4)) -> 0
A45: ='قائمة الموديلات'!$A$43 -> 0 | B45: =IF(B4="",SUMIF('طلبات مُدخَلة'!$D:$D, A44, 'طلبات مُدخَلة'!$H:$H),SUMIFS('طلبات مُدخَلة'!$H:$H, 'طلبات مُدخَلة'!$D:$D, A44, 'طلبات مُدخَلة'!$A:$A, B4)) -> 0
A46: ='قائمة الموديلات'!$A$44 -> 0 | B46: =IF(B4="",SUMIF('طلبات مُدخَلة'!$D:$D, A45, 'طلبات مُدخَلة'!$H:$H),SUMIFS('طلبات مُدخَلة'!$H:$H, 'طلبات مُدخَلة'!$D:$D, A45, 'طلبات مُدخَلة'!$A:$A, B4)) -> 0
A47: ='قائمة الموديلات'!$A$45 -> 0 | B47: =IF(B4="",SUMIF('طلبات مُدخَلة'!$D:$D, A46, 'طلبات مُدخَلة'!$H:$H),SUMIFS('طلبات مُدخَلة'!$H:$H, 'طلبات مُدخَلة'!$D:$D, A46, 'طلبات مُدخَلة'!$A:$A, B4)) -> 0
A48: ='قائمة الموديلات'!$A$46 -> 0 | B48: =IF(B4="",SUMIF('طلبات مُدخَلة'!$D:$D, A47, 'طلبات مُدخَلة'!$H:$H),SUMIFS('طلبات مُدخَلة'!$H:$H, 'طلبات مُدخَلة'!$D:$D, A47, 'طلبات مُدخَلة'!$A:$A, B4)) -> 0
A49: ='قائمة الموديلات'!$A$47 -> 0 | B49: =IF(B4="",SUMIF('طلبات مُدخَلة'!$D:$D, A48, 'طلبات مُدخَلة'!$H:$H),SUMIFS('طلبات مُدخَلة'!$H:$H, 'طلبات مُدخَلة'!$D:$D, A48, 'طلبات مُدخَلة'!$A:$A, B4)) -> 0
A50: ='قائمة الموديلات'!$A$48 -> 0 | B50: =IF(B4="",SUMIF('طلبات مُدخَلة'!$D:$D, A49, 'طلبات مُدخَلة'!$H:$H),SUMIFS('طلبات مُدخَلة'!$H:$H, 'طلبات مُدخَلة'!$D:$D, A49, 'طلبات مُدخَلة'!$A:$A, B4)) -> 0
A51: ='قائمة الموديلات'!$A$49 -> 0 | B51: =IF(B4="",SUMIF('طلبات مُدخَلة'!$D:$D, A50, 'طلبات مُدخَلة'!$H:$H),SUMIFS('طلبات مُدخَلة'!$H:$H, 'طلبات مُدخَلة'!$D:$D, A50, 'طلبات مُدخَلة'!$A:$A, B4)) -> 0
A52: ='قائمة الموديلات'!$A$50 -> 0 | B52: =IF(B4="",SUMIF('طلبات مُدخَلة'!$D:$D, A51, 'طلبات مُدخَلة'!$H:$H),SUMIFS('طلبات مُدخَلة'!$H:$H, 'طلبات مُدخَلة'!$D:$D, A51, 'طلبات مُدخَلة'!$A:$A, B4)) -> 0
A53: ='قائمة الموديلات'!$A$51 -> 0 | B53: =IF(B4="",SUMIF('طلبات مُدخَلة'!$D:$D, A52, 'طلبات مُدخَلة'!$H:$H),SUMIFS('طلبات مُدخَلة'!$H:$H, 'طلبات مُدخَلة'!$D:$D, A52, 'طلبات مُدخَلة'!$A:$A, B4)) -> 0
A54: ='قائمة الموديلات'!$A$52 -> 0 | B54: =IF(B4="",SUMIF('طلبات مُدخَلة'!$D:$D, A53, 'طلبات مُدخَلة'!$H:$H),SUMIFS('طلبات مُدخَلة'!$H:$H, 'طلبات مُدخَلة'!$D:$D, A53, 'طلبات مُدخَلة'!$A:$A, B4)) -> 0
A55: ='قائمة الموديلات'!$A$53 -> 0 | B55: =IF(B4="",SUMIF('طلبات مُدخَلة'!$D:$D, A54, 'طلبات مُدخَلة'!$H:$H),SUMIFS('طلبات مُدخَلة'!$H:$H, 'طلبات مُدخَلة'!$D:$D, A54, 'طلبات مُدخَلة'!$A:$A, B4)) -> 0
A56: ='قائمة الموديلات'!$A$54 -> 0 | B56: =IF(B4="",SUMIF('طلبات مُدخَلة'!$D:$D, A55, 'طلبات مُدخَلة'!$H:$H),SUMIFS('طلبات مُدخَلة'!$H:$H, 'طلبات مُدخَلة'!$D:$D, A55, 'طلبات مُدخَلة'!$A:$A, B4)) -> 0
A57: ='قائمة الموديلات'!$A$55 -> 0 | B57: =IF(B4="",SUMIF('طلبات مُدخَلة'!$D:$D, A56, 'طلبات مُدخَلة'!$H:$H),SUMIFS('طلبات مُدخَلة'!$H:$H, 'طلبات مُدخَلة'!$D:$D, A56, 'طلبات مُدخَلة'!$A:$A, B4)) -> 0
A58: ='قائمة الموديلات'!$A$56 -> 0 | B58: =IF(B4="",SUMIF('طلبات مُدخَلة'!$D:$D, A57, 'طلبات مُدخَلة'!$H:$H),SUMIFS('طلبات مُدخَلة'!$H:$H, 'طلبات مُدخَلة'!$D:$D, A57, 'طلبات مُدخَلة'!$A:$A, B4)) -> 0
A59: ='قائمة الموديلات'!$A$57 -> 0 | B59: =IF(B4="",SUMIF('طلبات مُدخَلة'!$D:$D, A58, 'طلبات مُدخَلة'!$H:$H),SUMIFS('طلبات مُدخَلة'!$H:$H, 'طلبات مُدخَلة'!$D:$D, A58, 'طلبات مُدخَلة'!$A:$A, B4)) -> 0
A60: ='قائمة الموديلات'!$A$58 -> 0 | B60: =IF(B4="",SUMIF('طلبات مُدخَلة'!$D:$D, A59, 'طلبات مُدخَلة'!$H:$H),SUMIFS('طلبات مُدخَلة'!$H:$H, 'طلبات مُدخَلة'!$D:$D, A59, 'طلبات مُدخَلة'!$A:$A, B4)) -> 0
A61: ='قائمة الموديلات'!$A$59 -> 0 | B61: =IF(B4="",SUMIF('طلبات مُدخَلة'!$D:$D, A60, 'طلبات مُدخَلة'!$H:$H),SUMIFS('طلبات مُدخَلة'!$H:$H, 'طلبات مُدخَلة'!$D:$D, A60, 'طلبات مُدخَلة'!$A:$A, B4)) -> 0
A62: ='قائمة الموديلات'!$A$60 -> 0 | B62: =IF(B4="",SUMIF('طلبات مُدخَلة'!$D:$D, A61, 'طلبات مُدخَلة'!$H:$H),SUMIFS('طلبات مُدخَلة'!$H:$H, 'طلبات مُدخَلة'!$D:$D, A61, 'طلبات مُدخَلة'!$A:$A, B4)) -> 0
A63: ='قائمة الموديلات'!$A$61 -> 0 | B63: =IF(B4="",SUMIF('طلبات مُدخَلة'!$D:$D, A62, 'طلبات مُدخَلة'!$H:$H),SUMIFS('طلبات مُدخَلة'!$H:$H, 'طلبات مُدخَلة'!$D:$D, A62, 'طلبات مُدخَلة'!$A:$A, B4)) -> 0
A64: ='قائمة الموديلات'!$A$62 -> 0 | B64: =IF(B4="",SUMIF('طلبات مُدخَلة'!$D:$D, A63, 'طلبات مُدخَلة'!$H:$H),SUMIFS('طلبات مُدخَلة'!$H:$H, 'طلبات مُدخَلة'!$D:$D, A63, 'طلبات مُدخَلة'!$A:$A, B4)) -> 0
A65: ='قائمة الموديلات'!$A$63 -> 0 | B65: =IF(B4="",SUMIF('طلبات مُدخَلة'!$D:$D, A64, 'طلبات مُدخَلة'!$H:$H),SUMIFS('طلبات مُدخَلة'!$H:$H, 'طلبات مُدخَلة'!$D:$D, A64, 'طلبات مُدخَلة'!$A:$A, B4)) -> 0
A66: ='قائمة الموديلات'!$A$64 -> 0 | B66: =IF(B4="",SUMIF('طلبات مُدخَلة'!$D:$D, A65, 'طلبات مُدخَلة'!$H:$H),SUMIFS('طلبات مُدخَلة'!$H:$H, 'طلبات مُدخَلة'!$D:$D, A65, 'طلبات مُدخَلة'!$A:$A, B4)) -> 0
A67: ='قائمة الموديلات'!$A$65 -> 0 | B67: =IF(B4="",SUMIF('طلبات مُدخَلة'!$D:$D, A66, 'طلبات مُدخَلة'!$H:$H),SUMIFS('طلبات مُدخَلة'!$H:$H, 'طلبات مُدخَلة'!$D:$D, A66, 'طلبات مُدخَلة'!$A:$A, B4)) -> 0
A68: ='قائمة الموديلات'!$A$66 -> 0 | B68: =IF(B4="",SUMIF('طلبات مُدخَلة'!$D:$D, A67, 'طلبات مُدخَلة'!$H:$H),SUMIFS('طلبات مُدخَلة'!$H:$H, 'طلبات مُدخَلة'!$D:$D, A67, 'طلبات مُدخَلة'!$A:$A, B4)) -> 0
A69: ='قائمة الموديلات'!$A$67 -> 0 | B69: =IF(B4="",SUMIF('طلبات مُدخَلة'!$D:$D, A68, 'طلبات مُدخَلة'!$H:$H),SUMIFS('طلبات مُدخَلة'!$H:$H, 'طلبات مُدخَلة'!$D:$D, A68, 'طلبات مُدخَلة'!$A:$A, B4)) -> 0
A70: ='قائمة الموديلات'!$A$68 -> 0 | B70: =IF(B4="",SUMIF('طلبات مُدخَلة'!$D:$D, A69, 'طلبات مُدخَلة'!$H:$H),SUMIFS('طلبات مُدخَلة'!$H:$H, 'طلبات مُدخَلة'!$D:$D, A69, 'طلبات مُدخَلة'!$A:$A, B4)) -> 0
A71: ='قائمة الموديلات'!$A$69 -> 0 | B71: =IF(B4="",SUMIF('طلبات مُدخَلة'!$D:$D, A70, 'طلبات مُدخَلة'!$H:$H),SUMIFS('طلبات مُدخَلة'!$H:$H, 'طلبات مُدخَلة'!$D:$D, A70, 'طلبات مُدخَلة'!$A:$A, B4)) -> 0
A72: ='قائمة الموديلات'!$A$70 -> 0 | B72: =IF(B4="",SUMIF('طلبات مُدخَلة'!$D:$D, A71, 'طلبات مُدخَلة'!$H:$H),SUMIFS('طلبات مُدخَلة'!$H:$H, 'طلبات مُدخَلة'!$D:$D, A71, 'طلبات مُدخَلة'!$A:$A, B4)) -> 0
A73: ='قائمة الموديلات'!$A$71 -> 0 | B73: =IF(B4="",SUMIF('طلبات مُدخَلة'!$D:$D, A72, 'طلبات مُدخَلة'!$H:$H),SUMIFS('طلبات مُدخَلة'!$H:$H, 'طلبات مُدخَلة'!$D:$D, A72, 'طلبات مُدخَلة'!$A:$A, B4)) -> 0
A74: ='قائمة الموديلات'!$A$72 -> 0 | B74: =IF(B4="",SUMIF('طلبات مُدخَلة'!$D:$D, A73, 'طلبات مُدخَلة'!$H:$H),SUMIFS('طلبات مُدخَلة'!$H:$H, 'طلبات مُدخَلة'!$D:$D, A73, 'طلبات مُدخَلة'!$A:$A, B4)) -> 0
A75: ='قائمة الموديلات'!$A$73 -> 0 | B75: =IF(B4="",SUMIF('طلبات مُدخَلة'!$D:$D, A74, 'طلبات مُدخَلة'!$H:$H),SUMIFS('طلبات مُدخَلة'!$H:$H, 'طلبات مُدخَلة'!$D:$D, A74, 'طلبات مُدخَلة'!$A:$A, B4)) -> 0
A76: ='قائمة الموديلات'!$A$74 -> 0 | B76: =IF(B4="",SUMIF('طلبات مُدخَلة'!$D:$D, A75, 'طلبات مُدخَلة'!$H:$H),SUMIFS('طلبات مُدخَلة'!$H:$H, 'طلبات مُدخَلة'!$D:$D, A75, 'طلبات مُدخَلة'!$A:$A, B4)) -> 0
A77: ='قائمة الموديلات'!$A$75 -> 0 | B77: =IF(B4="",SUMIF('طلبات مُدخَلة'!$D:$D, A76, 'طلبات مُدخَلة'!$H:$H),SUMIFS('طلبات مُدخَلة'!$H:$H, 'طلبات مُدخَلة'!$D:$D, A76, 'طلبات مُدخَلة'!$A:$A, B4)) -> 0
A78: ='قائمة الموديلات'!$A$76 -> 0 | B78: =IF(B4="",SUMIF('طلبات مُدخَلة'!$D:$D, A77, 'طلبات مُدخَلة'!$H:$H),SUMIFS('طلبات مُدخَلة'!$H:$H, 'طلبات مُدخَلة'!$D:$D, A77, 'طلبات مُدخَلة'!$A:$A, B4)) -> 0
A79: ='قائمة الموديلات'!$A$77 -> 0 | B79: =IF(B4="",SUMIF('طلبات مُدخَلة'!$D:$D, A78, 'طلبات مُدخَلة'!$H:$H),SUMIFS('طلبات مُدخَلة'!$H:$H, 'طلبات مُدخَلة'!$D:$D, A78, 'طلبات مُدخَلة'!$A:$A, B4)) -> 0
A80: ='قائمة الموديلات'!$A$78 -> 0 | B80: =IF(B4="",SUMIF('طلبات مُدخَلة'!$D:$D, A79, 'طلبات مُدخَلة'!$H:$H),SUMIFS('طلبات مُدخَلة'!$H:$H, 'طلبات مُدخَلة'!$D:$D, A79, 'طلبات مُدخَلة'!$A:$A, B4)) -> 0
A81: ='قائمة الموديلات'!$A$79 -> 0 | B81: =IF(B4="",SUMIF('طلبات مُدخَلة'!$D:$D, A80, 'طلبات مُدخَلة'!$H:$H),SUMIFS('طلبات مُدخَلة'!$H:$H, 'طلبات مُدخَلة'!$D:$D, A80, 'طلبات مُدخَلة'!$A:$A, B4)) -> 0
A82: ='قائمة الموديلات'!$A$80 -> 0 | B82: =IF(B4="",SUMIF('طلبات مُدخَلة'!$D:$D, A81, 'طلبات مُدخَلة'!$H:$H),SUMIFS('طلبات مُدخَلة'!$H:$H, 'طلبات مُدخَلة'!$D:$D, A81, 'طلبات مُدخَلة'!$A:$A, B4)) -> 0
A83: ='قائمة الموديلات'!$A$81 -> 0 | B83: =IF(B4="",SUMIF('طلبات مُدخَلة'!$D:$D, A82, 'طلبات مُدخَلة'!$H:$H),SUMIFS('طلبات مُدخَلة'!$H:$H, 'طلبات مُدخَلة'!$D:$D, A82, 'طلبات مُدخَلة'!$A:$A, B4)) -> 0
A84: ='قائمة الموديلات'!$A$82 -> 0 | B84: =IF(B4="",SUMIF('طلبات مُدخَلة'!$D:$D, A83, 'طلبات مُدخَلة'!$H:$H),SUMIFS('طلبات مُدخَلة'!$H:$H, 'طلبات مُدخَلة'!$D:$D, A83, 'طلبات مُدخَلة'!$A:$A, B4)) -> 0
A85: ='قائمة الموديلات'!$A$83 -> 0 | B85: =IF(B4="",SUMIF('طلبات مُدخَلة'!$D:$D, A84, 'طلبات مُدخَلة'!$H:$H),SUMIFS('طلبات مُدخَلة'!$H:$H, 'طلبات مُدخَلة'!$D:$D, A84, 'طلبات مُدخَلة'!$A:$A, B4)) -> 0
A86: ='قائمة الموديلات'!$A$84 -> 0 | B86: =IF(B4="",SUMIF('طلبات مُدخَلة'!$D:$D, A85, 'طلبات مُدخَلة'!$H:$H),SUMIFS('طلبات مُدخَلة'!$H:$H, 'طلبات مُدخَلة'!$D:$D, A85, 'طلبات مُدخَلة'!$A:$A, B4)) -> 0
A87: ='قائمة الموديلات'!$A$85 -> 0 | B87: =IF(B4="",SUMIF('طلبات مُدخَلة'!$D:$D, A86, 'طلبات مُدخَلة'!$H:$H),SUMIFS('طلبات مُدخَلة'!$H:$H, 'طلبات مُدخَلة'!$D:$D, A86, 'طلبات مُدخَلة'!$A:$A, B4)) -> 0
A88: ='قائمة الموديلات'!$A$86 -> 0 | B88: =IF(B4="",SUMIF('طلبات مُدخَلة'!$D:$D, A87, 'طلبات مُدخَلة'!$H:$H),SUMIFS('طلبات مُدخَلة'!$H:$H, 'طلبات مُدخَلة'!$D:$D, A87, 'طلبات مُدخَلة'!$A:$A, B4)) -> 0
A89: ='قائمة الموديلات'!$A$87 -> 0 | B89: =IF(B4="",SUMIF('طلبات مُدخَلة'!$D:$D, A88, 'طلبات مُدخَلة'!$H:$H),SUMIFS('طلبات مُدخَلة'!$H:$H, 'طلبات مُدخَلة'!$D:$D, A88, 'طلبات مُدخَلة'!$A:$A, B4)) -> 0
A90: ='قائمة الموديلات'!$A$88 -> 0 | B90: =IF(B4="",SUMIF('طلبات مُدخَلة'!$D:$D, A89, 'طلبات مُدخَلة'!$H:$H),SUMIFS('طلبات مُدخَلة'!$H:$H, 'طلبات مُدخَلة'!$D:$D, A89, 'طلبات مُدخَلة'!$A:$A, B4)) -> 0
A91: ='قائمة الموديلات'!$A$89 -> 0 | B91: =IF(B4="",SUMIF('طلبات مُدخَلة'!$D:$D, A90, 'طلبات مُدخَلة'!$H:$H),SUMIFS('طلبات مُدخَلة'!$H:$H, 'طلبات مُدخَلة'!$D:$D, A90, 'طلبات مُدخَلة'!$A:$A, B4)) -> 0
A92: ='قائمة الموديلات'!$A$90 -> 0 | B92: =IF(B4="",SUMIF('طلبات مُدخَلة'!$D:$D, A91, 'طلبات مُدخَلة'!$H:$H),SUMIFS('طلبات مُدخَلة'!$H:$H, 'طلبات مُدخَلة'!$D:$D, A91, 'طلبات مُدخَلة'!$A:$A, B4)) -> 0
A93: ='قائمة الموديلات'!$A$91 -> 0 | B93: =IF(B4="",SUMIF('طلبات مُدخَلة'!$D:$D, A92, 'طلبات مُدخَلة'!$H:$H),SUMIFS('طلبات مُدخَلة'!$H:$H, 'طلبات مُدخَلة'!$D:$D, A92, 'طلبات مُدخَلة'!$A:$A, B4)) -> 0
A94: ='قائمة الموديلات'!$A$92 -> 0 | B94: =IF(B4="",SUMIF('طلبات مُدخَلة'!$D:$D, A93, 'طلبات مُدخَلة'!$H:$H),SUMIFS('طلبات مُدخَلة'!$H:$H, 'طلبات مُدخَلة'!$D:$D, A93, 'طلبات مُدخَلة'!$A:$A, B4)) -> 0
A95: ='قائمة الموديلات'!$A$93 -> 0 | B95: =IF(B4="",SUMIF('طلبات مُدخَلة'!$D:$D, A94, 'طلبات مُدخَلة'!$H:$H),SUMIFS('طلبات مُدخَلة'!$H:$H, 'طلبات مُدخَلة'!$D:$D, A94, 'طلبات مُدخَلة'!$A:$A, B4)) -> 0
A96: ='قائمة الموديلات'!$A$94 -> 0 | B96: =IF(B4="",SUMIF('طلبات مُدخَلة'!$D:$D, A95, 'طلبات مُدخَلة'!$H:$H),SUMIFS('طلبات مُدخَلة'!$H:$H, 'طلبات مُدخَلة'!$D:$D, A95, 'طلبات مُدخَلة'!$A:$A, B4)) -> 0
A97: ='قائمة الموديلات'!$A$95 -> 0 | B97: =IF(B4="",SUMIF('طلبات مُدخَلة'!$D:$D, A96, 'طلبات مُدخَلة'!$H:$H),SUMIFS('طلبات مُدخَلة'!$H:$H, 'طلبات مُدخَلة'!$D:$D, A96, 'طلبات مُدخَلة'!$A:$A, B4)) -> 0
A98: ='قائمة الموديلات'!$A$96 -> 0 | B98: =IF(B4="",SUMIF('طلبات مُدخَلة'!$D:$D, A97, 'طلبات مُدخَلة'!$H:$H),SUMIFS('طلبات مُدخَلة'!$H:$H, 'طلبات مُدخَلة'!$D:$D, A97, 'طلبات مُدخَلة'!$A:$A, B4)) -> 0
A99: ='قائمة الموديلات'!$A$97 -> 0 | B99: =IF(B4="",SUMIF('طلبات مُدخَلة'!$D:$D, A98, 'طلبات مُدخَلة'!$H:$H),SUMIFS('طلبات مُدخَلة'!$H:$H, 'طلبات مُدخَلة'!$D:$D, A98, 'طلبات مُدخَلة'!$A:$A, B4)) -> 0
A100: ='قائمة الموديلات'!$A$98 -> 0 | B100: =IF(B4="",SUMIF('طلبات مُدخَلة'!$D:$D, A99, 'طلبات مُدخَلة'!$H:$H),SUMIFS('طلبات مُدخَلة'!$H:$H, 'طلبات مُدخَلة'!$D:$D, A99, 'طلبات مُدخَلة'!$A:$A, B4)) -> 0
A101: ='قائمة الموديلات'!$A$99 -> 0 | B101: =IF(B4="",SUMIF('طلبات مُدخَلة'!$D:$D, A100, 'طلبات مُدخَلة'!$H:$H),SUMIFS('طلبات مُدخَلة'!$H:$H, 'طلبات مُدخَلة'!$D:$D, A100, 'طلبات مُدخَلة'!$A:$A, B4)) -> 0
...

Sheet طلبات مُؤكَّدة
A1: التاريخ | B1: الوقت | C1: رقم الطلب | D1: اسم الموديل | E1: SKU/الكود | F1: اللون | G1: المقاس | H1: الكمية | I1: المحافظة/المدينة | J1: ملاحظات

Sheet ملخص المُؤكَّد
A1: ملخص المرحلة: طلبات تم تأكيدها تليفونيًا
A2: إجمالي الكميات لكل موديل (بدون أرقام الطلبات).
A3: يمكن تحديد تاريخ لتصفية الملخص (اختياري).
A4: التاريخ (اختياري): | C4: اتركه فارغًا لعرض جميع البيانات.
A6: اسم الموديل | B6: إجمالي الكمية
A7: ='قائمة الموديلات'!$A$5 -> 0 | B7: =IF(B4="",SUMIF('طلبات مُؤكَّدة'!$D:$D, A6, 'طلبات مُؤكَّدة'!$H:$H),SUMIFS('طلبات مُؤكَّدة'!$H:$H, 'طلبات مُؤكَّدة'!$D:$D, A6, 'طلبات مُؤكَّدة'!$A:$A, B4)) -> 0 | D7: إجمالي المرحلة (كل الموديلات): | E7: =SUM(B6:B1005) -> 0
A8: ='قائمة الموديلات'!$A$6 -> 0 | B8: =IF(B4="",SUMIF('طلبات مُؤكَّدة'!$D:$D, A7, 'طلبات مُؤكَّدة'!$H:$H),SUMIFS('طلبات مُؤكَّدة'!$H:$H, 'طلبات مُؤكَّدة'!$D:$D, A7, 'طلبات مُؤكَّدة'!$A:$A, B4)) -> 0
A9: ='قائمة الموديلات'!$A$7 -> 0 | B9: =IF(B4="",SUMIF('طلبات مُؤكَّدة'!$D:$D, A8, 'طلبات مُؤكَّدة'!$H:$H),SUMIFS('طلبات مُؤكَّدة'!$H:$H, 'طلبات مُؤكَّدة'!$D:$D, A8, 'طلبات مُؤكَّدة'!$A:$A, B4)) -> 0
A10: ='قائمة الموديلات'!$A$8 -> 0 | B10: =IF(B4="",SUMIF('طلبات مُؤكَّدة'!$D:$D, A9, 'طلبات مُؤكَّدة'!$H:$H),SUMIFS('طلبات مُؤكَّدة'!$H:$H, 'طلبات مُؤكَّدة'!$D:$D, A9, 'طلبات مُؤكَّدة'!$A:$A, B4)) -> 0
A11: ='قائمة الموديلات'!$A$9 -> 0 | B11: =IF(B4="",SUMIF('طلبات مُؤكَّدة'!$D:$D, A10, 'طلبات مُؤكَّدة'!$H:$H),SUMIFS('طلبات مُؤكَّدة'!$H:$H, 'طلبات مُؤكَّدة'!$D:$D, A10, 'طلبات مُؤكَّدة'!$A:$A, B4)) -> 0
A12: ='قائمة الموديلات'!$A$10 -> 0 | B12: =IF(B4="",SUMIF('طلبات مُؤكَّدة'!$D:$D, A11, 'طلبات مُؤكَّدة'!$H:$H),SUMIFS('طلبات مُؤكَّدة'!$H:$H, 'طلبات مُؤكَّدة'!$D:$D, A11, 'طلبات مُؤكَّدة'!$A:$A, B4)) -> 0
A13: ='قائمة الموديلات'!$A$11 -> 0 | B13: =IF(B4="",SUMIF('طلبات مُؤكَّدة'!$D:$D, A12, 'طلبات مُؤكَّدة'!$H:$H),SUMIFS('طلبات مُؤكَّدة'!$H:$H, 'طلبات مُؤكَّدة'!$D:$D, A12, 'طلبات مُؤكَّدة'!$A:$A, B4)) -> 0
A14: ='قائمة الموديلات'!$A$12 -> 0 | B14: =IF(B4="",SUMIF('طلبات مُؤكَّدة'!$D:$D, A13, 'طلبات مُؤكَّدة'!$H:$H),SUMIFS('طلبات مُؤكَّدة'!$H:$H, 'طلبات مُؤكَّدة'!$D:$D, A13, 'طلبات مُؤكَّدة'!$A:$A, B4)) -> 0
A15: ='قائمة الموديلات'!$A$13 -> 0 | B15: =IF(B4="",SUMIF('طلبات مُؤكَّدة'!$D:$D, A14, 'طلبات مُؤكَّدة'!$H:$H),SUMIFS('طلبات مُؤكَّدة'!$H:$H, 'طلبات مُؤكَّدة'!$D:$D, A14, 'طلبات مُؤكَّدة'!$A:$A, B4)) -> 0
A16: ='قائمة الموديلات'!$A$14 -> 0 | B16: =IF(B4="",SUMIF('طلبات مُؤكَّدة'!$D:$D, A15, 'طلبات مُؤكَّدة'!$H:$H),SUMIFS('طلبات مُؤكَّدة'!$H:$H, 'طلبات مُؤكَّدة'!$D:$D, A15, 'طلبات مُؤكَّدة'!$A:$A, B4)) -> 0
A17: ='قائمة الموديلات'!$A$15 -> 0 | B17: =IF(B4="",SUMIF('طلبات مُؤكَّدة'!$D:$D, A16, 'طلبات مُؤكَّدة'!$H:$H),SUMIFS('طلبات مُؤكَّدة'!$H:$H, 'طلبات مُؤكَّدة'!$D:$D, A16, 'طلبات مُؤكَّدة'!$A:$A, B4)) -> 0
A18: ='قائمة الموديلات'!$A$16 -> 0 | B18: =IF(B4="",SUMIF('طلبات مُؤكَّدة'!$D:$D, A17, 'طلبات مُؤكَّدة'!$H:$H),SUMIFS('طلبات مُؤكَّدة'!$H:$H, 'طلبات مُؤكَّدة'!$D:$D, A17, 'طلبات مُؤكَّدة'!$A:$A, B4)) -> 0
A19: ='قائمة الموديلات'!$A$17 -> 0 | B19: =IF(B4="",SUMIF('طلبات مُؤكَّدة'!$D:$D, A18, 'طلبات مُؤكَّدة'!$H:$H),SUMIFS('طلبات مُؤكَّدة'!$H:$H, 'طلبات مُؤكَّدة'!$D:$D, A18, 'طلبات مُؤكَّدة'!$A:$A, B4)) -> 0
A20: ='قائمة الموديلات'!$A$18 -> 0 | B20: =IF(B4="",SUMIF('طلبات مُؤكَّدة'!$D:$D, A19, 'طلبات مُؤكَّدة'!$H:$H),SUMIFS('طلبات مُؤكَّدة'!$H:$H, 'طلبات مُؤكَّدة'!$D:$D, A19, 'طلبات مُؤكَّدة'!$A:$A, B4)) -> 0
A21: ='قائمة الموديلات'!$A$19 -> 0 | B21: =IF(B4="",SUMIF('طلبات مُؤكَّدة'!$D:$D, A20, 'طلبات مُؤكَّدة'!$H:$H),SUMIFS('طلبات مُؤكَّدة'!$H:$H, 'طلبات مُؤكَّدة'!$D:$D, A20, 'طلبات مُؤكَّدة'!$A:$A, B4)) -> 0
A22: ='قائمة الموديلات'!$A$20 -> 0 | B22: =IF(B4="",SUMIF('طلبات مُؤكَّدة'!$D:$D, A21, 'طلبات مُؤكَّدة'!$H:$H),SUMIFS('طلبات مُؤكَّدة'!$H:$H, 'طلبات مُؤكَّدة'!$D:$D, A21, 'طلبات مُؤكَّدة'!$A:$A, B4)) -> 0
A23: ='قائمة الموديلات'!$A$21 -> 0 | B23: =IF(B4="",SUMIF('طلبات مُؤكَّدة'!$D:$D, A22, 'طلبات مُؤكَّدة'!$H:$H),SUMIFS('طلبات مُؤكَّدة'!$H:$H, 'طلبات مُؤكَّدة'!$D:$D, A22, 'طلبات مُؤكَّدة'!$A:$A, B4)) -> 0
A24: ='قائمة الموديلات'!$A$22 -> 0 | B24: =IF(B4="",SUMIF('طلبات مُؤكَّدة'!$D:$D, A23, 'طلبات مُؤكَّدة'!$H:$H),SUMIFS('طلبات مُؤكَّدة'!$H:$H, 'طلبات مُؤكَّدة'!$D:$D, A23, 'طلبات مُؤكَّدة'!$A:$A, B4)) -> 0
A25: ='قائمة الموديلات'!$A$23 -> 0 | B25: =IF(B4="",SUMIF('طلبات مُؤكَّدة'!$D:$D, A24, 'طلبات مُؤكَّدة'!$H:$H),SUMIFS('طلبات مُؤكَّدة'!$H:$H, 'طلبات مُؤكَّدة'!$D:$D, A24, 'طلبات مُؤكَّدة'!$A:$A, B4)) -> 0
A26: ='قائمة الموديلات'!$A$24 -> 0 | B26: =IF(B4="",SUMIF('طلبات مُؤكَّدة'!$D:$D, A25, 'طلبات مُؤكَّدة'!$H:$H),SUMIFS('طلبات مُؤكَّدة'!$H:$H, 'طلبات مُؤكَّدة'!$D:$D, A25, 'طلبات مُؤكَّدة'!$A:$A, B4)) -> 0
A27: ='قائمة الموديلات'!$A$25 -> 0 | B27: =IF(B4="",SUMIF('طلبات مُؤكَّدة'!$D:$D, A26, 'طلبات مُؤكَّدة'!$H:$H),SUMIFS('طلبات مُؤكَّدة'!$H:$H, 'طلبات مُؤكَّدة'!$D:$D, A26, 'طلبات مُؤكَّدة'!$A:$A, B4)) -> 0
A28: ='قائمة الموديلات'!$A$26 -> 0 | B28: =IF(B4="",SUMIF('طلبات مُؤكَّدة'!$D:$D, A27, 'طلبات مُؤكَّدة'!$H:$H),SUMIFS('طلبات مُؤكَّدة'!$H:$H, 'طلبات مُؤكَّدة'!$D:$D, A27, 'طلبات مُؤكَّدة'!$A:$A, B4)) -> 0
A29: ='قائمة الموديلات'!$A$27 -> 0 | B29: =IF(B4="",SUMIF('طلبات مُؤكَّدة'!$D:$D, A28, 'طلبات مُؤكَّدة'!$H:$H),SUMIFS('طلبات مُؤكَّدة'!$H:$H, 'طلبات مُؤكَّدة'!$D:$D, A28, 'طلبات مُؤكَّدة'!$A:$A, B4)) -> 0
A30: ='قائمة الموديلات'!$A$28 -> 0 | B30: =IF(B4="",SUMIF('طلبات مُؤكَّدة'!$D:$D, A29, 'طلبات مُؤكَّدة'!$H:$H),SUMIFS('طلبات مُؤكَّدة'!$H:$H, 'طلبات مُؤكَّدة'!$D:$D, A29, 'طلبات مُؤكَّدة'!$A:$A, B4)) -> 0
A31: ='قائمة الموديلات'!$A$29 -> 0 | B31: =IF(B4="",SUMIF('طلبات مُؤكَّدة'!$D:$D, A30, 'طلبات مُؤكَّدة'!$H:$H),SUMIFS('طلبات مُؤكَّدة'!$H:$H, 'طلبات مُؤكَّدة'!$D:$D, A30, 'طلبات مُؤكَّدة'!$A:$A, B4)) -> 0
A32: ='قائمة الموديلات'!$A$30 -> 0 | B32: =IF(B4="",SUMIF('طلبات مُؤكَّدة'!$D:$D, A31, 'طلبات مُؤكَّدة'!$H:$H),SUMIFS('طلبات مُؤكَّدة'!$H:$H, 'طلبات مُؤكَّدة'!$D:$D, A31, 'طلبات مُؤكَّدة'!$A:$A, B4)) -> 0
A33: ='قائمة الموديلات'!$A$31 -> 0 | B33: =IF(B4="",SUMIF('طلبات مُؤكَّدة'!$D:$D, A32, 'طلبات مُؤكَّدة'!$H:$H),SUMIFS('طلبات مُؤكَّدة'!$H:$H, 'طلبات مُؤكَّدة'!$D:$D, A32, 'طلبات مُؤكَّدة'!$A:$A, B4)) -> 0
A34: ='قائمة الموديلات'!$A$32 -> 0 | B34: =IF(B4="",SUMIF('طلبات مُؤكَّدة'!$D:$D, A33, 'طلبات مُؤكَّدة'!$H:$H),SUMIFS('طلبات مُؤكَّدة'!$H:$H, 'طلبات مُؤكَّدة'!$D:$D, A33, 'طلبات مُؤكَّدة'!$A:$A, B4)) -> 0
A35: ='قائمة الموديلات'!$A$33 -> 0 | B35: =IF(B4="",SUMIF('طلبات مُؤكَّدة'!$D:$D, A34, 'طلبات مُؤكَّدة'!$H:$H),SUMIFS('طلبات مُؤكَّدة'!$H:$H, 'طلبات مُؤكَّدة'!$D:$D, A34, 'طلبات مُؤكَّدة'!$A:$A, B4)) -> 0
A36: ='قائمة الموديلات'!$A$34 -> 0 | B36: =IF(B4="",SUMIF('طلبات مُؤكَّدة'!$D:$D, A35, 'طلبات مُؤكَّدة'!$H:$H),SUMIFS('طلبات مُؤكَّدة'!$H:$H, 'طلبات مُؤكَّدة'!$D:$D, A35, 'طلبات مُؤكَّدة'!$A:$A, B4)) -> 0
A37: ='قائمة الموديلات'!$A$35 -> 0 | B37: =IF(B4="",SUMIF('طلبات مُؤكَّدة'!$D:$D, A36, 'طلبات مُؤكَّدة'!$H:$H),SUMIFS('طلبات مُؤكَّدة'!$H:$H, 'طلبات مُؤكَّدة'!$D:$D, A36, 'طلبات مُؤكَّدة'!$A:$A, B4)) -> 0
A38: ='قائمة الموديلات'!$A$36 -> 0 | B38: =IF(B4="",SUMIF('طلبات مُؤكَّدة'!$D:$D, A37, 'طلبات مُؤكَّدة'!$H:$H),SUMIFS('طلبات مُؤكَّدة'!$H:$H, 'طلبات مُؤكَّدة'!$D:$D, A37, 'طلبات مُؤكَّدة'!$A:$A, B4)) -> 0
A39: ='قائمة الموديلات'!$A$37 -> 0 | B39: =IF(B4="",SUMIF('طلبات مُؤكَّدة'!$D:$D, A38, 'طلبات مُؤكَّدة'!$H:$H),SUMIFS('طلبات مُؤكَّدة'!$H:$H, 'طلبات مُؤكَّدة'!$D:$D, A38, 'طلبات مُؤكَّدة'!$A:$A, B4)) -> 0
A40: ='قائمة الموديلات'!$A$38 -> 0 | B40: =IF(B4="",SUMIF('طلبات مُؤكَّدة'!$D:$D, A39, 'طلبات مُؤكَّدة'!$H:$H),SUMIFS('طلبات مُؤكَّدة'!$H:$H, 'طلبات مُؤكَّدة'!$D:$D, A39, 'طلبات مُؤكَّدة'!$A:$A, B4)) -> 0
A41: ='قائمة الموديلات'!$A$39 -> 0 | B41: =IF(B4="",SUMIF('طلبات مُؤكَّدة'!$D:$D, A40, 'طلبات مُؤكَّدة'!$H:$H),SUMIFS('طلبات مُؤكَّدة'!$H:$H, 'طلبات مُؤكَّدة'!$D:$D, A40, 'طلبات مُؤكَّدة'!$A:$A, B4)) -> 0
A42: ='قائمة الموديلات'!$A$40 -> 0 | B42: =IF(B4="",SUMIF('طلبات مُؤكَّدة'!$D:$D, A41, 'طلبات مُؤكَّدة'!$H:$H),SUMIFS('طلبات مُؤكَّدة'!$H:$H, 'طلبات مُؤكَّدة'!$D:$D, A41, 'طلبات مُؤكَّدة'!$A:$A, B4)) -> 0
A43: ='قائمة الموديلات'!$A$41 -> 0 | B43: =IF(B4="",SUMIF('طلبات مُؤكَّدة'!$D:$D, A42, 'طلبات مُؤكَّدة'!$H:$H),SUMIFS('طلبات مُؤكَّدة'!$H:$H, 'طلبات مُؤكَّدة'!$D:$D, A42, 'طلبات مُؤكَّدة'!$A:$A, B4)) -> 0
A44: ='قائمة الموديلات'!$A$42 -> 0 | B44: =IF(B4="",SUMIF('طلبات مُؤكَّدة'!$D:$D, A43, 'طلبات مُؤكَّدة'!$H:$H),SUMIFS('طلبات مُؤكَّدة'!$H:$H, 'طلبات مُؤكَّدة'!$D:$D, A43, 'طلبات مُؤكَّدة'!$A:$A, B4)) -> 0
A45: ='قائمة الموديلات'!$A$43 -> 0 | B45: =IF(B4="",SUMIF('طلبات مُؤكَّدة'!$D:$D, A44, 'طلبات مُؤكَّدة'!$H:$H),SUMIFS('طلبات مُؤكَّدة'!$H:$H, 'طلبات مُؤكَّدة'!$D:$D, A44, 'طلبات مُؤكَّدة'!$A:$A, B4)) -> 0
A46: ='قائمة الموديلات'!$A$44 -> 0 | B46: =IF(B4="",SUMIF('طلبات مُؤكَّدة'!$D:$D, A45, 'طلبات مُؤكَّدة'!$H:$H),SUMIFS('طلبات مُؤكَّدة'!$H:$H, 'طلبات مُؤكَّدة'!$D:$D, A45, 'طلبات مُؤكَّدة'!$A:$A, B4)) -> 0
A47: ='قائمة الموديلات'!$A$45 -> 0 | B47: =IF(B4="",SUMIF('طلبات مُؤكَّدة'!$D:$D, A46, 'طلبات مُؤكَّدة'!$H:$H),SUMIFS('طلبات مُؤكَّدة'!$H:$H, 'طلبات مُؤكَّدة'!$D:$D, A46, 'طلبات مُؤكَّدة'!$A:$A, B4)) -> 0
A48: ='قائمة الموديلات'!$A$46 -> 0 | B48: =IF(B4="",SUMIF('طلبات مُؤكَّدة'!$D:$D, A47, 'طلبات مُؤكَّدة'!$H:$H),SUMIFS('طلبات مُؤكَّدة'!$H:$H, 'طلبات مُؤكَّدة'!$D:$D, A47, 'طلبات مُؤكَّدة'!$A:$A, B4)) -> 0
A49: ='قائمة الموديلات'!$A$47 -> 0 | B49: =IF(B4="",SUMIF('طلبات مُؤكَّدة'!$D:$D, A48, 'طلبات مُؤكَّدة'!$H:$H),SUMIFS('طلبات مُؤكَّدة'!$H:$H, 'طلبات مُؤكَّدة'!$D:$D, A48, 'طلبات مُؤكَّدة'!$A:$A, B4)) -> 0
A50: ='قائمة الموديلات'!$A$48 -> 0 | B50: =IF(B4="",SUMIF('طلبات مُؤكَّدة'!$D:$D, A49, 'طلبات مُؤكَّدة'!$H:$H),SUMIFS('طلبات مُؤكَّدة'!$H:$H, 'طلبات مُؤكَّدة'!$D:$D, A49, 'طلبات مُؤكَّدة'!$A:$A, B4)) -> 0
A51: ='قائمة الموديلات'!$A$49 -> 0 | B51: =IF(B4="",SUMIF('طلبات مُؤكَّدة'!$D:$D, A50, 'طلبات مُؤكَّدة'!$H:$H),SUMIFS('طلبات مُؤكَّدة'!$H:$H, 'طلبات مُؤكَّدة'!$D:$D, A50, 'طلبات مُؤكَّدة'!$A:$A, B4)) -> 0
A52: ='قائمة الموديلات'!$A$50 -> 0 | B52: =IF(B4="",SUMIF('طلبات مُؤكَّدة'!$D:$D, A51, 'طلبات مُؤكَّدة'!$H:$H),SUMIFS('طلبات مُؤكَّدة'!$H:$H, 'طلبات مُؤكَّدة'!$D:$D, A51, 'طلبات مُؤكَّدة'!$A:$A, B4)) -> 0
A53: ='قائمة الموديلات'!$A$51 -> 0 | B53: =IF(B4="",SUMIF('طلبات مُؤكَّدة'!$D:$D, A52, 'طلبات مُؤكَّدة'!$H:$H),SUMIFS('طلبات مُؤكَّدة'!$H:$H, 'طلبات مُؤكَّدة'!$D:$D, A52, 'طلبات مُؤكَّدة'!$A:$A, B4)) -> 0
A54: ='قائمة الموديلات'!$A$52 -> 0 | B54: =IF(B4="",SUMIF('طلبات مُؤكَّدة'!$D:$D, A53, 'طلبات مُؤكَّدة'!$H:$H),SUMIFS('طلبات مُؤكَّدة'!$H:$H, 'طلبات مُؤكَّدة'!$D:$D, A53, 'طلبات مُؤكَّدة'!$A:$A, B4)) -> 0
A55: ='قائمة الموديلات'!$A$53 -> 0 | B55: =IF(B4="",SUMIF('طلبات مُؤكَّدة'!$D:$D, A54, 'طلبات مُؤكَّدة'!$H:$H),SUMIFS('طلبات مُؤكَّدة'!$H:$H, 'طلبات مُؤكَّدة'!$D:$D, A54, 'طلبات مُؤكَّدة'!$A:$A, B4)) -> 0
A56: ='قائمة الموديلات'!$A$54 -> 0 | B56: =IF(B4="",SUMIF('طلبات مُؤكَّدة'!$D:$D, A55, 'طلبات مُؤكَّدة'!$H:$H),SUMIFS('طلبات مُؤكَّدة'!$H:$H, 'طلبات مُؤكَّدة'!$D:$D, A55, 'طلبات مُؤكَّدة'!$A:$A, B4)) -> 0
A57: ='قائمة الموديلات'!$A$55 -> 0 | B57: =IF(B4="",SUMIF('طلبات مُؤكَّدة'!$D:$D, A56, 'طلبات مُؤكَّدة'!$H:$H),SUMIFS('طلبات مُؤكَّدة'!$H:$H, 'طلبات مُؤكَّدة'!$D:$D, A56, 'طلبات مُؤكَّدة'!$A:$A, B4)) -> 0
A58: ='قائمة الموديلات'!$A$56 -> 0 | B58: =IF(B4="",SUMIF('طلبات مُؤكَّدة'!$D:$D, A57, 'طلبات مُؤكَّدة'!$H:$H),SUMIFS('طلبات مُؤكَّدة'!$H:$H, 'طلبات مُؤكَّدة'!$D:$D, A57, 'طلبات مُؤكَّدة'!$A:$A, B4)) -> 0
A59: ='قائمة الموديلات'!$A$57 -> 0 | B59: =IF(B4="",SUMIF('طلبات مُؤكَّدة'!$D:$D, A58, 'طلبات مُؤكَّدة'!$H:$H),SUMIFS('طلبات مُؤكَّدة'!$H:$H, 'طلبات مُؤكَّدة'!$D:$D, A58, 'طلبات مُؤكَّدة'!$A:$A, B4)) -> 0
A60: ='قائمة الموديلات'!$A$58 -> 0 | B60: =IF(B4="",SUMIF('طلبات مُؤكَّدة'!$D:$D, A59, 'طلبات مُؤكَّدة'!$H:$H),SUMIFS('طلبات مُؤكَّدة'!$H:$H, 'طلبات مُؤكَّدة'!$D:$D, A59, 'طلبات مُؤكَّدة'!$A:$A, B4)) -> 0
A61: ='قائمة الموديلات'!$A$59 -> 0 | B61: =IF(B4="",SUMIF('طلبات مُؤكَّدة'!$D:$D, A60, 'طلبات مُؤكَّدة'!$H:$H),SUMIFS('طلبات مُؤكَّدة'!$H:$H, 'طلبات مُؤكَّدة'!$D:$D, A60, 'طلبات مُؤكَّدة'!$A:$A, B4)) -> 0
A62: ='قائمة الموديلات'!$A$60 -> 0 | B62: =IF(B4="",SUMIF('طلبات مُؤكَّدة'!$D:$D, A61, 'طلبات مُؤكَّدة'!$H:$H),SUMIFS('طلبات مُؤكَّدة'!$H:$H, 'طلبات مُؤكَّدة'!$D:$D, A61, 'طلبات مُؤكَّدة'!$A:$A, B4)) -> 0
A63: ='قائمة الموديلات'!$A$61 -> 0 | B63: =IF(B4="",SUMIF('طلبات مُؤكَّدة'!$D:$D, A62, 'طلبات مُؤكَّدة'!$H:$H),SUMIFS('طلبات مُؤكَّدة'!$H:$H, 'طلبات مُؤكَّدة'!$D:$D, A62, 'طلبات مُؤكَّدة'!$A:$A, B4)) -> 0
A64: ='قائمة الموديلات'!$A$62 -> 0 | B64: =IF(B4="",SUMIF('طلبات مُؤكَّدة'!$D:$D, A63, 'طلبات مُؤكَّدة'!$H:$H),SUMIFS('طلبات مُؤكَّدة'!$H:$H, 'طلبات مُؤكَّدة'!$D:$D, A63, 'طلبات مُؤكَّدة'!$A:$A, B4)) -> 0
A65: ='قائمة الموديلات'!$A$63 -> 0 | B65: =IF(B4="",SUMIF('طلبات مُؤكَّدة'!$D:$D, A64, 'طلبات مُؤكَّدة'!$H:$H),SUMIFS('طلبات مُؤكَّدة'!$H:$H, 'طلبات مُؤكَّدة'!$D:$D, A64, 'طلبات مُؤكَّدة'!$A:$A, B4)) -> 0
A66: ='قائمة الموديلات'!$A$64 -> 0 | B66: =IF(B4="",SUMIF('طلبات مُؤكَّدة'!$D:$D, A65, 'طلبات مُؤكَّدة'!$H:$H),SUMIFS('طلبات مُؤكَّدة'!$H:$H, 'طلبات مُؤكَّدة'!$D:$D, A65, 'طلبات مُؤكَّدة'!$A:$A, B4)) -> 0
A67: ='قائمة الموديلات'!$A$65 -> 0 | B67: =IF(B4="",SUMIF('طلبات مُؤكَّدة'!$D:$D, A66, 'طلبات مُؤكَّدة'!$H:$H),SUMIFS('طلبات مُؤكَّدة'!$H:$H, 'طلبات مُؤكَّدة'!$D:$D, A66, 'طلبات مُؤكَّدة'!$A:$A, B4)) -> 0
A68: ='قائمة الموديلات'!$A$66 -> 0 | B68: =IF(B4="",SUMIF('طلبات مُؤكَّدة'!$D:$D, A67, 'طلبات مُؤكَّدة'!$H:$H),SUMIFS('طلبات مُؤكَّدة'!$H:$H, 'طلبات مُؤكَّدة'!$D:$D, A67, 'طلبات مُؤكَّدة'!$A:$A, B4)) -> 0
A69: ='قائمة الموديلات'!$A$67 -> 0 | B69: =IF(B4="",SUMIF('طلبات مُؤكَّدة'!$D:$D, A68, 'طلبات مُؤكَّدة'!$H:$H),SUMIFS('طلبات مُؤكَّدة'!$H:$H, 'طلبات مُؤكَّدة'!$D:$D, A68, 'طلبات مُؤكَّدة'!$A:$A, B4)) -> 0
A70: ='قائمة الموديلات'!$A$68 -> 0 | B70: =IF(B4="",SUMIF('طلبات مُؤكَّدة'!$D:$D, A69, 'طلبات مُؤكَّدة'!$H:$H),SUMIFS('طلبات مُؤكَّدة'!$H:$H, 'طلبات مُؤكَّدة'!$D:$D, A69, 'طلبات مُؤكَّدة'!$A:$A, B4)) -> 0
A71: ='قائمة الموديلات'!$A$69 -> 0 | B71: =IF(B4="",SUMIF('طلبات مُؤكَّدة'!$D:$D, A70, 'طلبات مُؤكَّدة'!$H:$H),SUMIFS('طلبات مُؤكَّدة'!$H:$H, 'طلبات مُؤكَّدة'!$D:$D, A70, 'طلبات مُؤكَّدة'!$A:$A, B4)) -> 0
A72: ='قائمة الموديلات'!$A$70 -> 0 | B72: =IF(B4="",SUMIF('طلبات مُؤكَّدة'!$D:$D, A71, 'طلبات مُؤكَّدة'!$H:$H),SUMIFS('طلبات مُؤكَّدة'!$H:$H, 'طلبات مُؤكَّدة'!$D:$D, A71, 'طلبات مُؤكَّدة'!$A:$A, B4)) -> 0
A73: ='قائمة الموديلات'!$A$71 -> 0 | B73: =IF(B4="",SUMIF('طلبات مُؤكَّدة'!$D:$D, A72, 'طلبات مُؤكَّدة'!$H:$H),SUMIFS('طلبات مُؤكَّدة'!$H:$H, 'طلبات مُؤكَّدة'!$D:$D, A72, 'طلبات مُؤكَّدة'!$A:$A, B4)) -> 0
A74: ='قائمة الموديلات'!$A$72 -> 0 | B74: =IF(B4="",SUMIF('طلبات مُؤكَّدة'!$D:$D, A73, 'طلبات مُؤكَّدة'!$H:$H),SUMIFS('طلبات مُؤكَّدة'!$H:$H, 'طلبات مُؤكَّدة'!$D:$D, A73, 'طلبات مُؤكَّدة'!$A:$A, B4)) -> 0
A75: ='قائمة الموديلات'!$A$73 -> 0 | B75: =IF(B4="",SUMIF('طلبات مُؤكَّدة'!$D:$D, A74, 'طلبات مُؤكَّدة'!$H:$H),SUMIFS('طلبات مُؤكَّدة'!$H:$H, 'طلبات مُؤكَّدة'!$D:$D, A74, 'طلبات مُؤكَّدة'!$A:$A, B4)) -> 0
A76: ='قائمة الموديلات'!$A$74 -> 0 | B76: =IF(B4="",SUMIF('طلبات مُؤكَّدة'!$D:$D, A75, 'طلبات مُؤكَّدة'!$H:$H),SUMIFS('طلبات مُؤكَّدة'!$H:$H, 'طلبات مُؤكَّدة'!$D:$D, A75, 'طلبات مُؤكَّدة'!$A:$A, B4)) -> 0
A77: ='قائمة الموديلات'!$A$75 -> 0 | B77: =IF(B4="",SUMIF('طلبات مُؤكَّدة'!$D:$D, A76, 'طلبات مُؤكَّدة'!$H:$H),SUMIFS('طلبات مُؤكَّدة'!$H:$H, 'طلبات مُؤكَّدة'!$D:$D, A76, 'طلبات مُؤكَّدة'!$A:$A, B4)) -> 0
A78: ='قائمة الموديلات'!$A$76 -> 0 | B78: =IF(B4="",SUMIF('طلبات مُؤكَّدة'!$D:$D, A77, 'طلبات مُؤكَّدة'!$H:$H),SUMIFS('طلبات مُؤكَّدة'!$H:$H, 'طلبات مُؤكَّدة'!$D:$D, A77, 'طلبات مُؤكَّدة'!$A:$A, B4)) -> 0
A79: ='قائمة الموديلات'!$A$77 -> 0 | B79: =IF(B4="",SUMIF('طلبات مُؤكَّدة'!$D:$D, A78, 'طلبات مُؤكَّدة'!$H:$H),SUMIFS('طلبات مُؤكَّدة'!$H:$H, 'طلبات مُؤكَّدة'!$D:$D, A78, 'طلبات مُؤكَّدة'!$A:$A, B4)) -> 0
A80: ='قائمة الموديلات'!$A$78 -> 0 | B80: =IF(B4="",SUMIF('طلبات مُؤكَّدة'!$D:$D, A79, 'طلبات مُؤكَّدة'!$H:$H),SUMIFS('طلبات مُؤكَّدة'!$H:$H, 'طلبات مُؤكَّدة'!$D:$D, A79, 'طلبات مُؤكَّدة'!$A:$A, B4)) -> 0
A81: ='قائمة الموديلات'!$A$79 -> 0 | B81: =IF(B4="",SUMIF('طلبات مُؤكَّدة'!$D:$D, A80, 'طلبات مُؤكَّدة'!$H:$H),SUMIFS('طلبات مُؤكَّدة'!$H:$H, 'طلبات مُؤكَّدة'!$D:$D, A80, 'طلبات مُؤكَّدة'!$A:$A, B4)) -> 0
A82: ='قائمة الموديلات'!$A$80 -> 0 | B82: =IF(B4="",SUMIF('طلبات مُؤكَّدة'!$D:$D, A81, 'طلبات مُؤكَّدة'!$H:$H),SUMIFS('طلبات مُؤكَّدة'!$H:$H, 'طلبات مُؤكَّدة'!$D:$D, A81, 'طلبات مُؤكَّدة'!$A:$A, B4)) -> 0
A83: ='قائمة الموديلات'!$A$81 -> 0 | B83: =IF(B4="",SUMIF('طلبات مُؤكَّدة'!$D:$D, A82, 'طلبات مُؤكَّدة'!$H:$H),SUMIFS('طلبات مُؤكَّدة'!$H:$H, 'طلبات مُؤكَّدة'!$D:$D, A82, 'طلبات مُؤكَّدة'!$A:$A, B4)) -> 0
A84: ='قائمة الموديلات'!$A$82 -> 0 | B84: =IF(B4="",SUMIF('طلبات مُؤكَّدة'!$D:$D, A83, 'طلبات مُؤكَّدة'!$H:$H),SUMIFS('طلبات مُؤكَّدة'!$H:$H, 'طلبات مُؤكَّدة'!$D:$D, A83, 'طلبات مُؤكَّدة'!$A:$A, B4)) -> 0
A85: ='قائمة الموديلات'!$A$83 -> 0 | B85: =IF(B4="",SUMIF('طلبات مُؤكَّدة'!$D:$D, A84, 'طلبات مُؤكَّدة'!$H:$H),SUMIFS('طلبات مُؤكَّدة'!$H:$H, 'طلبات مُؤكَّدة'!$D:$D, A84, 'طلبات مُؤكَّدة'!$A:$A, B4)) -> 0
A86: ='قائمة الموديلات'!$A$84 -> 0 | B86: =IF(B4="",SUMIF('طلبات مُؤكَّدة'!$D:$D, A85, 'طلبات مُؤكَّدة'!$H:$H),SUMIFS('طلبات مُؤكَّدة'!$H:$H, 'طلبات مُؤكَّدة'!$D:$D, A85, 'طلبات مُؤكَّدة'!$A:$A, B4)) -> 0
A87: ='قائمة الموديلات'!$A$85 -> 0 | B87: =IF(B4="",SUMIF('طلبات مُؤكَّدة'!$D:$D, A86, 'طلبات مُؤكَّدة'!$H:$H),SUMIFS('طلبات مُؤكَّدة'!$H:$H, 'طلبات مُؤكَّدة'!$D:$D, A86, 'طلبات مُؤكَّدة'!$A:$A, B4)) -> 0
A88: ='قائمة الموديلات'!$A$86 -> 0 | B88: =IF(B4="",SUMIF('طلبات مُؤكَّدة'!$D:$D, A87, 'طلبات مُؤكَّدة'!$H:$H),SUMIFS('طلبات مُؤكَّدة'!$H:$H, 'طلبات مُؤكَّدة'!$D:$D, A87, 'طلبات مُؤكَّدة'!$A:$A, B4)) -> 0
A89: ='قائمة الموديلات'!$A$87 -> 0 | B89: =IF(B4="",SUMIF('طلبات مُؤكَّدة'!$D:$D, A88, 'طلبات مُؤكَّدة'!$H:$H),SUMIFS('طلبات مُؤكَّدة'!$H:$H, 'طلبات مُؤكَّدة'!$D:$D, A88, 'طلبات مُؤكَّدة'!$A:$A, B4)) -> 0
A90: ='قائمة الموديلات'!$A$88 -> 0 | B90: =IF(B4="",SUMIF('طلبات مُؤكَّدة'!$D:$D, A89, 'طلبات مُؤكَّدة'!$H:$H),SUMIFS('طلبات مُؤكَّدة'!$H:$H, 'طلبات مُؤكَّدة'!$D:$D, A89, 'طلبات مُؤكَّدة'!$A:$A, B4)) -> 0
A91: ='قائمة الموديلات'!$A$89 -> 0 | B91: =IF(B4="",SUMIF('طلبات مُؤكَّدة'!$D:$D, A90, 'طلبات مُؤكَّدة'!$H:$H),SUMIFS('طلبات مُؤكَّدة'!$H:$H, 'طلبات مُؤكَّدة'!$D:$D, A90, 'طلبات مُؤكَّدة'!$A:$A, B4)) -> 0
A92: ='قائمة الموديلات'!$A$90 -> 0 | B92: =IF(B4="",SUMIF('طلبات مُؤكَّدة'!$D:$D, A91, 'طلبات مُؤكَّدة'!$H:$H),SUMIFS('طلبات مُؤكَّدة'!$H:$H, 'طلبات مُؤكَّدة'!$D:$D, A91, 'طلبات مُؤكَّدة'!$A:$A, B4)) -> 0
A93: ='قائمة الموديلات'!$A$91 -> 0 | B93: =IF(B4="",SUMIF('طلبات مُؤكَّدة'!$D:$D, A92, 'طلبات مُؤكَّدة'!$H:$H),SUMIFS('طلبات مُؤكَّدة'!$H:$H, 'طلبات مُؤكَّدة'!$D:$D, A92, 'طلبات مُؤكَّدة'!$A:$A, B4)) -> 0
A94: ='قائمة الموديلات'!$A$92 -> 0 | B94: =IF(B4="",SUMIF('طلبات مُؤكَّدة'!$D:$D, A93, 'طلبات مُؤكَّدة'!$H:$H),SUMIFS('طلبات مُؤكَّدة'!$H:$H, 'طلبات مُؤكَّدة'!$D:$D, A93, 'طلبات مُؤكَّدة'!$A:$A, B4)) -> 0
A95: ='قائمة الموديلات'!$A$93 -> 0 | B95: =IF(B4="",SUMIF('طلبات مُؤكَّدة'!$D:$D, A94, 'طلبات مُؤكَّدة'!$H:$H),SUMIFS('طلبات مُؤكَّدة'!$H:$H, 'طلبات مُؤكَّدة'!$D:$D, A94, 'طلبات مُؤكَّدة'!$A:$A, B4)) -> 0
A96: ='قائمة الموديلات'!$A$94 -> 0 | B96: =IF(B4="",SUMIF('طلبات مُؤكَّدة'!$D:$D, A95, 'طلبات مُؤكَّدة'!$H:$H),SUMIFS('طلبات مُؤكَّدة'!$H:$H, 'طلبات مُؤكَّدة'!$D:$D, A95, 'طلبات مُؤكَّدة'!$A:$A, B4)) -> 0
A97: ='قائمة الموديلات'!$A$95 -> 0 | B97: =IF(B4="",SUMIF('طلبات مُؤكَّدة'!$D:$D, A96, 'طلبات مُؤكَّدة'!$H:$H),SUMIFS('طلبات مُؤكَّدة'!$H:$H, 'طلبات مُؤكَّدة'!$D:$D, A96, 'طلبات مُؤكَّدة'!$A:$A, B4)) -> 0
A98: ='قائمة الموديلات'!$A$96 -> 0 | B98: =IF(B4="",SUMIF('طلبات مُؤكَّدة'!$D:$D, A97, 'طلبات مُؤكَّدة'!$H:$H),SUMIFS('طلبات مُؤكَّدة'!$H:$H, 'طلبات مُؤكَّدة'!$D:$D, A97, 'طلبات مُؤكَّدة'!$A:$A, B4)) -> 0
A99: ='قائمة الموديلات'!$A$97 -> 0 | B99: =IF(B4="",SUMIF('طلبات مُؤكَّدة'!$D:$D, A98, 'طلبات مُؤكَّدة'!$H:$H),SUMIFS('طلبات مُؤكَّدة'!$H:$H, 'طلبات مُؤكَّدة'!$D:$D, A98, 'طلبات مُؤكَّدة'!$A:$A, B4)) -> 0
A100: ='قائمة الموديلات'!$A$98 -> 0 | B100: =IF(B4="",SUMIF('طلبات مُؤكَّدة'!$D:$D, A99, 'طلبات مُؤكَّدة'!$H:$H),SUMIFS('طلبات مُؤكَّدة'!$H:$H, 'طلبات مُؤكَّدة'!$D:$D, A99, 'طلبات مُؤكَّدة'!$A:$A, B4)) -> 0
A101: ='قائمة الموديلات'!$A$99 -> 0 | B101: =IF(B4="",SUMIF('طلبات مُؤكَّدة'!$D:$D, A100, 'طلبات مُؤكَّدة'!$H:$H),SUMIFS('طلبات مُؤكَّدة'!$H:$H, 'طلبات مُؤكَّدة'!$D:$D, A100, 'طلبات مُؤكَّدة'!$A:$A, B4)) -> 0
...

Sheet طلبات خارجة للشحن
A1: التاريخ | B1: الوقت | C1: رقم الطلب | D1: اسم الموديل | E1: SKU/الكود | F1: اللون | G1: المقاس | H1: الكمية | I1: المحافظة/المدينة | J1: ملاحظات

Sheet ملخص الخارج
A1: ملخص المرحلة: طلبات خرجت من المخزن للشحن
A2: إجمالي الكميات لكل موديل (بدون أرقام الطلبات).
A3: يمكن تحديد تاريخ لتصفية الملخص (اختياري).
A4: التاريخ (اختياري): | C4: اتركه فارغًا لعرض جميع البيانات.
A6: اسم الموديل | B6: إجمالي الكمية
A7: ='قائمة الموديلات'!$A$5 -> 0 | B7: =IF(B4="",SUMIF('طلبات خارجة للشحن'!$D:$D, A6, 'طلبات خارجة للشحن'!$H:$H),SUMIFS('طلبات خارجة للشحن'!$H:$H, 'طلبات خارجة للشحن'!$D:$D, A6, 'طلبات خارجة للشحن'!$A:$A, B4)) -> 0 | D7: إجمالي المرحلة (كل الموديلات): | E7: =SUM(B6:B1005) -> 0
A8: ='قائمة الموديلات'!$A$6 -> 0 | B8: =IF(B4="",SUMIF('طلبات خارجة للشحن'!$D:$D, A7, 'طلبات خارجة للشحن'!$H:$H),SUMIFS('طلبات خارجة للشحن'!$H:$H, 'طلبات خارجة للشحن'!$D:$D, A7, 'طلبات خارجة للشحن'!$A:$A, B4)) -> 0
A9: ='قائمة الموديلات'!$A$7 -> 0 | B9: =IF(B4="",SUMIF('طلبات خارجة للشحن'!$D:$D, A8, 'طلبات خارجة للشحن'!$H:$H),SUMIFS('طلبات خارجة للشحن'!$H:$H, 'طلبات خارجة للشحن'!$D:$D, A8, 'طلبات خارجة للشحن'!$A:$A, B4)) -> 0
A10: ='قائمة الموديلات'!$A$8 -> 0 | B10: =IF(B4="",SUMIF('طلبات خارجة للشحن'!$D:$D, A9, 'طلبات خارجة للشحن'!$H:$H),SUMIFS('طلبات خارجة للشحن'!$H:$H, 'طلبات خارجة للشحن'!$D:$D, A9, 'طلبات خارجة للشحن'!$A:$A, B4)) -> 0
A11: ='قائمة الموديلات'!$A$9 -> 0 | B11: =IF(B4="",SUMIF('طلبات خارجة للشحن'!$D:$D, A10, 'طلبات خارجة للشحن'!$H:$H),SUMIFS('طلبات خارجة للشحن'!$H:$H, 'طلبات خارجة للشحن'!$D:$D, A10, 'طلبات خارجة للشحن'!$A:$A, B4)) -> 0
A12: ='قائمة الموديلات'!$A$10 -> 0 | B12: =IF(B4="",SUMIF('طلبات خارجة للشحن'!$D:$D, A11, 'طلبات خارجة للشحن'!$H:$H),SUMIFS('طلبات خارجة للشحن'!$H:$H, 'طلبات خارجة للشحن'!$D:$D, A11, 'طلبات خارجة للشحن'!$A:$A, B4)) -> 0
A13: ='قائمة الموديلات'!$A$11 -> 0 | B13: =IF(B4="",SUMIF('طلبات خارجة للشحن'!$D:$D, A12, 'طلبات خارجة للشحن'!$H:$H),SUMIFS('طلبات خارجة للشحن'!$H:$H, 'طلبات خارجة للشحن'!$D:$D, A12, 'طلبات خارجة للشحن'!$A:$A, B4)) -> 0
A14: ='قائمة الموديلات'!$A$12 -> 0 | B14: =IF(B4="",SUMIF('طلبات خارجة للشحن'!$D:$D, A13, 'طلبات خارجة للشحن'!$H:$H),SUMIFS('طلبات خارجة للشحن'!$H:$H, 'طلبات خارجة للشحن'!$D:$D, A13, 'طلبات خارجة للشحن'!$A:$A, B4)) -> 0
A15: ='قائمة الموديلات'!$A$13 -> 0 | B15: =IF(B4="",SUMIF('طلبات خارجة للشحن'!$D:$D, A14, 'طلبات خارجة للشحن'!$H:$H),SUMIFS('طلبات خارجة للشحن'!$H:$H, 'طلبات خارجة للشحن'!$D:$D, A14, 'طلبات خارجة للشحن'!$A:$A, B4)) -> 0
A16: ='قائمة الموديلات'!$A$14 -> 0 | B16: =IF(B4="",SUMIF('طلبات خارجة للشحن'!$D:$D, A15, 'طلبات خارجة للشحن'!$H:$H),SUMIFS('طلبات خارجة للشحن'!$H:$H, 'طلبات خارجة للشحن'!$D:$D, A15, 'طلبات خارجة للشحن'!$A:$A, B4)) -> 0
A17: ='قائمة الموديلات'!$A$15 -> 0 | B17: =IF(B4="",SUMIF('طلبات خارجة للشحن'!$D:$D, A16, 'طلبات خارجة للشحن'!$H:$H),SUMIFS('طلبات خارجة للشحن'!$H:$H, 'طلبات خارجة للشحن'!$D:$D, A16, 'طلبات خارجة للشحن'!$A:$A, B4)) -> 0
A18: ='قائمة الموديلات'!$A$16 -> 0 | B18: =IF(B4="",SUMIF('طلبات خارجة للشحن'!$D:$D, A17, 'طلبات خارجة للشحن'!$H:$H),SUMIFS('طلبات خارجة للشحن'!$H:$H, 'طلبات خارجة للشحن'!$D:$D, A17, 'طلبات خارجة للشحن'!$A:$A, B4)) -> 0
A19: ='قائمة الموديلات'!$A$17 -> 0 | B19: =IF(B4="",SUMIF('طلبات خارجة للشحن'!$D:$D, A18, 'طلبات خارجة للشحن'!$H:$H),SUMIFS('طلبات خارجة للشحن'!$H:$H, 'طلبات خارجة للشحن'!$D:$D, A18, 'طلبات خارجة للشحن'!$A:$A, B4)) -> 0
A20: ='قائمة الموديلات'!$A$18 -> 0 | B20: =IF(B4="",SUMIF('طلبات خارجة للشحن'!$D:$D, A19, 'طلبات خارجة للشحن'!$H:$H),SUMIFS('طلبات خارجة للشحن'!$H:$H, 'طلبات خارجة للشحن'!$D:$D, A19, 'طلبات خارجة للشحن'!$A:$A, B4)) -> 0
A21: ='قائمة الموديلات'!$A$19 -> 0 | B21: =IF(B4="",SUMIF('طلبات خارجة للشحن'!$D:$D, A20, 'طلبات خارجة للشحن'!$H:$H),SUMIFS('طلبات خارجة للشحن'!$H:$H, 'طلبات خارجة للشحن'!$D:$D, A20, 'طلبات خارجة للشحن'!$A:$A, B4)) -> 0
A22: ='قائمة الموديلات'!$A$20 -> 0 | B22: =IF(B4="",SUMIF('طلبات خارجة للشحن'!$D:$D, A21, 'طلبات خارجة للشحن'!$H:$H),SUMIFS('طلبات خارجة للشحن'!$H:$H, 'طلبات خارجة للشحن'!$D:$D, A21, 'طلبات خارجة للشحن'!$A:$A, B4)) -> 0
A23: ='قائمة الموديلات'!$A$21 -> 0 | B23: =IF(B4="",SUMIF('طلبات خارجة للشحن'!$D:$D, A22, 'طلبات خارجة للشحن'!$H:$H),SUMIFS('طلبات خارجة للشحن'!$H:$H, 'طلبات خارجة للشحن'!$D:$D, A22, 'طلبات خارجة للشحن'!$A:$A, B4)) -> 0
A24: ='قائمة الموديلات'!$A$22 -> 0 | B24: =IF(B4="",SUMIF('طلبات خارجة للشحن'!$D:$D, A23, 'طلبات خارجة للشحن'!$H:$H),SUMIFS('طلبات خارجة للشحن'!$H:$H, 'طلبات خارجة للشحن'!$D:$D, A23, 'طلبات خارجة للشحن'!$A:$A, B4)) -> 0
A25: ='قائمة الموديلات'!$A$23 -> 0 | B25: =IF(B4="",SUMIF('طلبات خارجة للشحن'!$D:$D, A24, 'طلبات خارجة للشحن'!$H:$H),SUMIFS('طلبات خارجة للشحن'!$H:$H, 'طلبات خارجة للشحن'!$D:$D, A24, 'طلبات خارجة للشحن'!$A:$A, B4)) -> 0
A26: ='قائمة الموديلات'!$A$24 -> 0 | B26: =IF(B4="",SUMIF('طلبات خارجة للشحن'!$D:$D, A25, 'طلبات خارجة للشحن'!$H:$H),SUMIFS('طلبات خارجة للشحن'!$H:$H, 'طلبات خارجة للشحن'!$D:$D, A25, 'طلبات خارجة للشحن'!$A:$A, B4)) -> 0
A27: ='قائمة الموديلات'!$A$25 -> 0 | B27: =IF(B4="",SUMIF('طلبات خارجة للشحن'!$D:$D, A26, 'طلبات خارجة للشحن'!$H:$H),SUMIFS('طلبات خارجة للشحن'!$H:$H, 'طلبات خارجة للشحن'!$D:$D, A26, 'طلبات خارجة للشحن'!$A:$A, B4)) -> 0
A28: ='قائمة الموديلات'!$A$26 -> 0 | B28: =IF(B4="",SUMIF('طلبات خارجة للشحن'!$D:$D, A27, 'طلبات خارجة للشحن'!$H:$H),SUMIFS('طلبات خارجة للشحن'!$H:$H, 'طلبات خارجة للشحن'!$D:$D, A27, 'طلبات خارجة للشحن'!$A:$A, B4)) -> 0
A29: ='قائمة الموديلات'!$A$27 -> 0 | B29: =IF(B4="",SUMIF('طلبات خارجة للشحن'!$D:$D, A28, 'طلبات خارجة للشحن'!$H:$H),SUMIFS('طلبات خارجة للشحن'!$H:$H, 'طلبات خارجة للشحن'!$D:$D, A28, 'طلبات خارجة للشحن'!$A:$A, B4)) -> 0
A30: ='قائمة الموديلات'!$A$28 -> 0 | B30: =IF(B4="",SUMIF('طلبات خارجة للشحن'!$D:$D, A29, 'طلبات خارجة للشحن'!$H:$H),SUMIFS('طلبات خارجة للشحن'!$H:$H, 'طلبات خارجة للشحن'!$D:$D, A29, 'طلبات خارجة للشحن'!$A:$A, B4)) -> 0
A31: ='قائمة الموديلات'!$A$29 -> 0 | B31: =IF(B4="",SUMIF('طلبات خارجة للشحن'!$D:$D, A30, 'طلبات خارجة للشحن'!$H:$H),SUMIFS('طلبات خارجة للشحن'!$H:$H, 'طلبات خارجة للشحن'!$D:$D, A30, 'طلبات خارجة للشحن'!$A:$A, B4)) -> 0
A32: ='قائمة الموديلات'!$A$30 -> 0 | B32: =IF(B4="",SUMIF('طلبات خارجة للشحن'!$D:$D, A31, 'طلبات خارجة للشحن'!$H:$H),SUMIFS('طلبات خارجة للشحن'!$H:$H, 'طلبات خارجة للشحن'!$D:$D, A31, 'طلبات خارجة للشحن'!$A:$A, B4)) -> 0
A33: ='قائمة الموديلات'!$A$31 -> 0 | B33: =IF(B4="",SUMIF('طلبات خارجة للشحن'!$D:$D, A32, 'طلبات خارجة للشحن'!$H:$H),SUMIFS('طلبات خارجة للشحن'!$H:$H, 'طلبات خارجة للشحن'!$D:$D, A32, 'طلبات خارجة للشحن'!$A:$A, B4)) -> 0
A34: ='قائمة الموديلات'!$A$32 -> 0 | B34: =IF(B4="",SUMIF('طلبات خارجة للشحن'!$D:$D, A33, 'طلبات خارجة للشحن'!$H:$H),SUMIFS('طلبات خارجة للشحن'!$H:$H, 'طلبات خارجة للشحن'!$D:$D, A33, 'طلبات خارجة للشحن'!$A:$A, B4)) -> 0
A35: ='قائمة الموديلات'!$A$33 -> 0 | B35: =IF(B4="",SUMIF('طلبات خارجة للشحن'!$D:$D, A34, 'طلبات خارجة للشحن'!$H:$H),SUMIFS('طلبات خارجة للشحن'!$H:$H, 'طلبات خارجة للشحن'!$D:$D, A34, 'طلبات خارجة للشحن'!$A:$A, B4)) -> 0
A36: ='قائمة الموديلات'!$A$34 -> 0 | B36: =IF(B4="",SUMIF('طلبات خارجة للشحن'!$D:$D, A35, 'طلبات خارجة للشحن'!$H:$H),SUMIFS('طلبات خارجة للشحن'!$H:$H, 'طلبات خارجة للشحن'!$D:$D, A35, 'طلبات خارجة للشحن'!$A:$A, B4)) -> 0
A37: ='قائمة الموديلات'!$A$35 -> 0 | B37: =IF(B4="",SUMIF('طلبات خارجة للشحن'!$D:$D, A36, 'طلبات خارجة للشحن'!$H:$H),SUMIFS('طلبات خارجة للشحن'!$H:$H, 'طلبات خارجة للشحن'!$D:$D, A36, 'طلبات خارجة للشحن'!$A:$A, B4)) -> 0
A38: ='قائمة الموديلات'!$A$36 -> 0 | B38: =IF(B4="",SUMIF('طلبات خارجة للشحن'!$D:$D, A37, 'طلبات خارجة للشحن'!$H:$H),SUMIFS('طلبات خارجة للشحن'!$H:$H, 'طلبات خارجة للشحن'!$D:$D, A37, 'طلبات خارجة للشحن'!$A:$A, B4)) -> 0
A39: ='قائمة الموديلات'!$A$37 -> 0 | B39: =IF(B4="",SUMIF('طلبات خارجة للشحن'!$D:$D, A38, 'طلبات خارجة للشحن'!$H:$H),SUMIFS('طلبات خارجة للشحن'!$H:$H, 'طلبات خارجة للشحن'!$D:$D, A38, 'طلبات خارجة للشحن'!$A:$A, B4)) -> 0
A40: ='قائمة الموديلات'!$A$38 -> 0 | B40: =IF(B4="",SUMIF('طلبات خارجة للشحن'!$D:$D, A39, 'طلبات خارجة للشحن'!$H:$H),SUMIFS('طلبات خارجة للشحن'!$H:$H, 'طلبات خارجة للشحن'!$D:$D, A39, 'طلبات خارجة للشحن'!$A:$A, B4)) -> 0
A41: ='قائمة الموديلات'!$A$39 -> 0 | B41: =IF(B4="",SUMIF('طلبات خارجة للشحن'!$D:$D, A40, 'طلبات خارجة للشحن'!$H:$H),SUMIFS('طلبات خارجة للشحن'!$H:$H, 'طلبات خارجة للشحن'!$D:$D, A40, 'طلبات خارجة للشحن'!$A:$A, B4)) -> 0
A42: ='قائمة الموديلات'!$A$40 -> 0 | B42: =IF(B4="",SUMIF('طلبات خارجة للشحن'!$D:$D, A41, 'طلبات خارجة للشحن'!$H:$H),SUMIFS('طلبات خارجة للشحن'!$H:$H, 'طلبات خارجة للشحن'!$D:$D, A41, 'طلبات خارجة للشحن'!$A:$A, B4)) -> 0
A43: ='قائمة الموديلات'!$A$41 -> 0 | B43: =IF(B4="",SUMIF('طلبات خارجة للشحن'!$D:$D, A42, 'طلبات خارجة للشحن'!$H:$H),SUMIFS('طلبات خارجة للشحن'!$H:$H, 'طلبات خارجة للشحن'!$D:$D, A42, 'طلبات خارجة للشحن'!$A:$A, B4)) -> 0
A44: ='قائمة الموديلات'!$A$42 -> 0 | B44: =IF(B4="",SUMIF('طلبات خارجة للشحن'!$D:$D, A43, 'طلبات خارجة للشحن'!$H:$H),SUMIFS('طلبات خارجة للشحن'!$H:$H, 'طلبات خارجة للشحن'!$D:$D, A43, 'طلبات خارجة للشحن'!$A:$A, B4)) -> 0
A45: ='قائمة الموديلات'!$A$43 -> 0 | B45: =IF(B4="",SUMIF('طلبات خارجة للشحن'!$D:$D, A44, 'طلبات خارجة للشحن'!$H:$H),SUMIFS('طلبات خارجة للشحن'!$H:$H, 'طلبات خارجة للشحن'!$D:$D, A44, 'طلبات خارجة للشحن'!$A:$A, B4)) -> 0
A46: ='قائمة الموديلات'!$A$44 -> 0 | B46: =IF(B4="",SUMIF('طلبات خارجة للشحن'!$D:$D, A45, 'طلبات خارجة للشحن'!$H:$H),SUMIFS('طلبات خارجة للشحن'!$H:$H, 'طلبات خارجة للشحن'!$D:$D, A45, 'طلبات خارجة للشحن'!$A:$A, B4)) -> 0
A47: ='قائمة الموديلات'!$A$45 -> 0 | B47: =IF(B4="",SUMIF('طلبات خارجة للشحن'!$D:$D, A46, 'طلبات خارجة للشحن'!$H:$H),SUMIFS('طلبات خارجة للشحن'!$H:$H, 'طلبات خارجة للشحن'!$D:$D, A46, 'طلبات خارجة للشحن'!$A:$A, B4)) -> 0
A48: ='قائمة الموديلات'!$A$46 -> 0 | B48: =IF(B4="",SUMIF('طلبات خارجة للشحن'!$D:$D, A47, 'طلبات خارجة للشحن'!$H:$H),SUMIFS('طلبات خارجة للشحن'!$H:$H, 'طلبات خارجة للشحن'!$D:$D, A47, 'طلبات خارجة للشحن'!$A:$A, B4)) -> 0
A49: ='قائمة الموديلات'!$A$47 -> 0 | B49: =IF(B4="",SUMIF('طلبات خارجة للشحن'!$D:$D, A48, 'طلبات خارجة للشحن'!$H:$H),SUMIFS('طلبات خارجة للشحن'!$H:$H, 'طلبات خارجة للشحن'!$D:$D, A48, 'طلبات خارجة للشحن'!$A:$A, B4)) -> 0
A50: ='قائمة الموديلات'!$A$48 -> 0 | B50: =IF(B4="",SUMIF('طلبات خارجة للشحن'!$D:$D, A49, 'طلبات خارجة للشحن'!$H:$H),SUMIFS('طلبات خارجة للشحن'!$H:$H, 'طلبات خارجة للشحن'!$D:$D, A49, 'طلبات خارجة للشحن'!$A:$A, B4)) -> 0
A51: ='قائمة الموديلات'!$A$49 -> 0 | B51: =IF(B4="",SUMIF('طلبات خارجة للشحن'!$D:$D, A50, 'طلبات خارجة للشحن'!$H:$H),SUMIFS('طلبات خارجة للشحن'!$H:$H, 'طلبات خارجة للشحن'!$D:$D, A50, 'طلبات خارجة للشحن'!$A:$A, B4)) -> 0
A52: ='قائمة الموديلات'!$A$50 -> 0 | B52: =IF(B4="",SUMIF('طلبات خارجة للشحن'!$D:$D, A51, 'طلبات خارجة للشحن'!$H:$H),SUMIFS('طلبات خارجة للشحن'!$H:$H, 'طلبات خارجة للشحن'!$D:$D, A51, 'طلبات خارجة للشحن'!$A:$A, B4)) -> 0
A53: ='قائمة الموديلات'!$A$51 -> 0 | B53: =IF(B4="",SUMIF('طلبات خارجة للشحن'!$D:$D, A52, 'طلبات خارجة للشحن'!$H:$H),SUMIFS('طلبات خارجة للشحن'!$H:$H, 'طلبات خارجة للشحن'!$D:$D, A52, 'طلبات خارجة للشحن'!$A:$A, B4)) -> 0
A54: ='قائمة الموديلات'!$A$52 -> 0 | B54: =IF(B4="",SUMIF('طلبات خارجة للشحن'!$D:$D, A53, 'طلبات خارجة للشحن'!$H:$H),SUMIFS('طلبات خارجة للشحن'!$H:$H, 'طلبات خارجة للشحن'!$D:$D, A53, 'طلبات خارجة للشحن'!$A:$A, B4)) -> 0
A55: ='قائمة الموديلات'!$A$53 -> 0 | B55: =IF(B4="",SUMIF('طلبات خارجة للشحن'!$D:$D, A54, 'طلبات خارجة للشحن'!$H:$H),SUMIFS('طلبات خارجة للشحن'!$H:$H, 'طلبات خارجة للشحن'!$D:$D, A54, 'طلبات خارجة للشحن'!$A:$A, B4)) -> 0
A56: ='قائمة الموديلات'!$A$54 -> 0 | B56: =IF(B4="",SUMIF('طلبات خارجة للشحن'!$D:$D, A55, 'طلبات خارجة للشحن'!$H:$H),SUMIFS('طلبات خارجة للشحن'!$H:$H, 'طلبات خارجة للشحن'!$D:$D, A55, 'طلبات خارجة للشحن'!$A:$A, B4)) -> 0
A57: ='قائمة الموديلات'!$A$55 -> 0 | B57: =IF(B4="",SUMIF('طلبات خارجة للشحن'!$D:$D, A56, 'طلبات خارجة للشحن'!$H:$H),SUMIFS('طلبات خارجة للشحن'!$H:$H, 'طلبات خارجة للشحن'!$D:$D, A56, 'طلبات خارجة للشحن'!$A:$A, B4)) -> 0
A58: ='قائمة الموديلات'!$A$56 -> 0 | B58: =IF(B4="",SUMIF('طلبات خارجة للشحن'!$D:$D, A57, 'طلبات خارجة للشحن'!$H:$H),SUMIFS('طلبات خارجة للشحن'!$H:$H, 'طلبات خارجة للشحن'!$D:$D, A57, 'طلبات خارجة للشحن'!$A:$A, B4)) -> 0
A59: ='قائمة الموديلات'!$A$57 -> 0 | B59: =IF(B4="",SUMIF('طلبات خارجة للشحن'!$D:$D, A58, 'طلبات خارجة للشحن'!$H:$H),SUMIFS('طلبات خارجة للشحن'!$H:$H, 'طلبات خارجة للشحن'!$D:$D, A58, 'طلبات خارجة للشحن'!$A:$A, B4)) -> 0
A60: ='قائمة الموديلات'!$A$58 -> 0 | B60: =IF(B4="",SUMIF('طلبات خارجة للشحن'!$D:$D, A59, 'طلبات خارجة للشحن'!$H:$H),SUMIFS('طلبات خارجة للشحن'!$H:$H, 'طلبات خارجة للشحن'!$D:$D, A59, 'طلبات خارجة للشحن'!$A:$A, B4)) -> 0
A61: ='قائمة الموديلات'!$A$59 -> 0 | B61: =IF(B4="",SUMIF('طلبات خارجة للشحن'!$D:$D, A60, 'طلبات خارجة للشحن'!$H:$H),SUMIFS('طلبات خارجة للشحن'!$H:$H, 'طلبات خارجة للشحن'!$D:$D, A60, 'طلبات خارجة للشحن'!$A:$A, B4)) -> 0
A62: ='قائمة الموديلات'!$A$60 -> 0 | B62: =IF(B4="",SUMIF('طلبات خارجة للشحن'!$D:$D, A61, 'طلبات خارجة للشحن'!$H:$H),SUMIFS('طلبات خارجة للشحن'!$H:$H, 'طلبات خارجة للشحن'!$D:$D, A61, 'طلبات خارجة للشحن'!$A:$A, B4)) -> 0
A63: ='قائمة الموديلات'!$A$61 -> 0 | B63: =IF(B4="",SUMIF('طلبات خارجة للشحن'!$D:$D, A62, 'طلبات خارجة للشحن'!$H:$H),SUMIFS('طلبات خارجة للشحن'!$H:$H, 'طلبات خارجة للشحن'!$D:$D, A62, 'طلبات خارجة للشحن'!$A:$A, B4)) -> 0
A64: ='قائمة الموديلات'!$A$62 -> 0 | B64: =IF(B4="",SUMIF('طلبات خارجة للشحن'!$D:$D, A63, 'طلبات خارجة للشحن'!$H:$H),SUMIFS('طلبات خارجة للشحن'!$H:$H, 'طلبات خارجة للشحن'!$D:$D, A63, 'طلبات خارجة للشحن'!$A:$A, B4)) -> 0
A65: ='قائمة الموديلات'!$A$63 -> 0 | B65: =IF(B4="",SUMIF('طلبات خارجة للشحن'!$D:$D, A64, 'طلبات خارجة للشحن'!$H:$H),SUMIFS('طلبات خارجة للشحن'!$H:$H, 'طلبات خارجة للشحن'!$D:$D, A64, 'طلبات خارجة للشحن'!$A:$A, B4)) -> 0
A66: ='قائمة الموديلات'!$A$64 -> 0 | B66: =IF(B4="",SUMIF('طلبات خارجة للشحن'!$D:$D, A65, 'طلبات خارجة للشحن'!$H:$H),SUMIFS('طلبات خارجة للشحن'!$H:$H, 'طلبات خارجة للشحن'!$D:$D, A65, 'طلبات خارجة للشحن'!$A:$A, B4)) -> 0
A67: ='قائمة الموديلات'!$A$65 -> 0 | B67: =IF(B4="",SUMIF('طلبات خارجة للشحن'!$D:$D, A66, 'طلبات خارجة للشحن'!$H:$H),SUMIFS('طلبات خارجة للشحن'!$H:$H, 'طلبات خارجة للشحن'!$D:$D, A66, 'طلبات خارجة للشحن'!$A:$A, B4)) -> 0
A68: ='قائمة الموديلات'!$A$66 -> 0 | B68: =IF(B4="",SUMIF('طلبات خارجة للشحن'!$D:$D, A67, 'طلبات خارجة للشحن'!$H:$H),SUMIFS('طلبات خارجة للشحن'!$H:$H, 'طلبات خارجة للشحن'!$D:$D, A67, 'طلبات خارجة للشحن'!$A:$A, B4)) -> 0
A69: ='قائمة الموديلات'!$A$67 -> 0 | B69: =IF(B4="",SUMIF('طلبات خارجة للشحن'!$D:$D, A68, 'طلبات خارجة للشحن'!$H:$H),SUMIFS('طلبات خارجة للشحن'!$H:$H, 'طلبات خارجة للشحن'!$D:$D, A68, 'طلبات خارجة للشحن'!$A:$A, B4)) -> 0
A70: ='قائمة الموديلات'!$A$68 -> 0 | B70: =IF(B4="",SUMIF('طلبات خارجة للشحن'!$D:$D, A69, 'طلبات خارجة للشحن'!$H:$H),SUMIFS('طلبات خارجة للشحن'!$H:$H, 'طلبات خارجة للشحن'!$D:$D, A69, 'طلبات خارجة للشحن'!$A:$A, B4)) -> 0
A71: ='قائمة الموديلات'!$A$69 -> 0 | B71: =IF(B4="",SUMIF('طلبات خارجة للشحن'!$D:$D, A70, 'طلبات خارجة للشحن'!$H:$H),SUMIFS('طلبات خارجة للشحن'!$H:$H, 'طلبات خارجة للشحن'!$D:$D, A70, 'طلبات خارجة للشحن'!$A:$A, B4)) -> 0
A72: ='قائمة الموديلات'!$A$70 -> 0 | B72: =IF(B4="",SUMIF('طلبات خارجة للشحن'!$D:$D, A71, 'طلبات خارجة للشحن'!$H:$H),SUMIFS('طلبات خارجة للشحن'!$H:$H, 'طلبات خارجة للشحن'!$D:$D, A71, 'طلبات خارجة للشحن'!$A:$A, B4)) -> 0
A73: ='قائمة الموديلات'!$A$71 -> 0 | B73: =IF(B4="",SUMIF('طلبات خارجة للشحن'!$D:$D, A72, 'طلبات خارجة للشحن'!$H:$H),SUMIFS('طلبات خارجة للشحن'!$H:$H, 'طلبات خارجة للشحن'!$D:$D, A72, 'طلبات خارجة للشحن'!$A:$A, B4)) -> 0
A74: ='قائمة الموديلات'!$A$72 -> 0 | B74: =IF(B4="",SUMIF('طلبات خارجة للشحن'!$D:$D, A73, 'طلبات خارجة للشحن'!$H:$H),SUMIFS('طلبات خارجة للشحن'!$H:$H, 'طلبات خارجة للشحن'!$D:$D, A73, 'طلبات خارجة للشحن'!$A:$A, B4)) -> 0
A75: ='قائمة الموديلات'!$A$73 -> 0 | B75: =IF(B4="",SUMIF('طلبات خارجة للشحن'!$D:$D, A74, 'طلبات خارجة للشحن'!$H:$H),SUMIFS('طلبات خارجة للشحن'!$H:$H, 'طلبات خارجة للشحن'!$D:$D, A74, 'طلبات خارجة للشحن'!$A:$A, B4)) -> 0
A76: ='قائمة الموديلات'!$A$74 -> 0 | B76: =IF(B4="",SUMIF('طلبات خارجة للشحن'!$D:$D, A75, 'طلبات خارجة للشحن'!$H:$H),SUMIFS('طلبات خارجة للشحن'!$H:$H, 'طلبات خارجة للشحن'!$D:$D, A75, 'طلبات خارجة للشحن'!$A:$A, B4)) -> 0
A77: ='قائمة الموديلات'!$A$75 -> 0 | B77: =IF(B4="",SUMIF('طلبات خارجة للشحن'!$D:$D, A76, 'طلبات خارجة للشحن'!$H:$H),SUMIFS('طلبات خارجة للشحن'!$H:$H, 'طلبات خارجة للشحن'!$D:$D, A76, 'طلبات خارجة للشحن'!$A:$A, B4)) -> 0
A78: ='قائمة الموديلات'!$A$76 -> 0 | B78: =IF(B4="",SUMIF('طلبات خارجة للشحن'!$D:$D, A77, 'طلبات خارجة للشحن'!$H:$H),SUMIFS('طلبات خارجة للشحن'!$H:$H, 'طلبات خارجة للشحن'!$D:$D, A77, 'طلبات خارجة للشحن'!$A:$A, B4)) -> 0
A79: ='قائمة الموديلات'!$A$77 -> 0 | B79: =IF(B4="",SUMIF('طلبات خارجة للشحن'!$D:$D, A78, 'طلبات خارجة للشحن'!$H:$H),SUMIFS('طلبات خارجة للشحن'!$H:$H, 'طلبات خارجة للشحن'!$D:$D, A78, 'طلبات خارجة للشحن'!$A:$A, B4)) -> 0
A80: ='قائمة الموديلات'!$A$78 -> 0 | B80: =IF(B4="",SUMIF('طلبات خارجة للشحن'!$D:$D, A79, 'طلبات خارجة للشحن'!$H:$H),SUMIFS('طلبات خارجة للشحن'!$H:$H, 'طلبات خارجة للشحن'!$D:$D, A79, 'طلبات خارجة للشحن'!$A:$A, B4)) -> 0
A81: ='قائمة الموديلات'!$A$79 -> 0 | B81: =IF(B4="",SUMIF('طلبات خارجة للشحن'!$D:$D, A80, 'طلبات خارجة للشحن'!$H:$H),SUMIFS('طلبات خارجة للشحن'!$H:$H, 'طلبات خارجة للشحن'!$D:$D, A80, 'طلبات خارجة للشحن'!$A:$A, B4)) -> 0
A82: ='قائمة الموديلات'!$A$80 -> 0 | B82: =IF(B4="",SUMIF('طلبات خارجة للشحن'!$D:$D, A81, 'طلبات خارجة للشحن'!$H:$H),SUMIFS('طلبات خارجة للشحن'!$H:$H, 'طلبات خارجة للشحن'!$D:$D, A81, 'طلبات خارجة للشحن'!$A:$A, B4)) -> 0
A83: ='قائمة الموديلات'!$A$81 -> 0 | B83: =IF(B4="",SUMIF('طلبات خارجة للشحن'!$D:$D, A82, 'طلبات خارجة للشحن'!$H:$H),SUMIFS('طلبات خارجة للشحن'!$H:$H, 'طلبات خارجة للشحن'!$D:$D, A82, 'طلبات خارجة للشحن'!$A:$A, B4)) -> 0
A84: ='قائمة الموديلات'!$A$82 -> 0 | B84: =IF(B4="",SUMIF('طلبات خارجة للشحن'!$D:$D, A83, 'طلبات خارجة للشحن'!$H:$H),SUMIFS('طلبات خارجة للشحن'!$H:$H, 'طلبات خارجة للشحن'!$D:$D, A83, 'طلبات خارجة للشحن'!$A:$A, B4)) -> 0
A85: ='قائمة الموديلات'!$A$83 -> 0 | B85: =IF(B4="",SUMIF('طلبات خارجة للشحن'!$D:$D, A84, 'طلبات خارجة للشحن'!$H:$H),SUMIFS('طلبات خارجة للشحن'!$H:$H, 'طلبات خارجة للشحن'!$D:$D, A84, 'طلبات خارجة للشحن'!$A:$A, B4)) -> 0
A86: ='قائمة الموديلات'!$A$84 -> 0 | B86: =IF(B4="",SUMIF('طلبات خارجة للشحن'!$D:$D, A85, 'طلبات خارجة للشحن'!$H:$H),SUMIFS('طلبات خارجة للشحن'!$H:$H, 'طلبات خارجة للشحن'!$D:$D, A85, 'طلبات خارجة للشحن'!$A:$A, B4)) -> 0
A87: ='قائمة الموديلات'!$A$85 -> 0 | B87: =IF(B4="",SUMIF('طلبات خارجة للشحن'!$D:$D, A86, 'طلبات خارجة للشحن'!$H:$H),SUMIFS('طلبات خارجة للشحن'!$H:$H, 'طلبات خارجة للشحن'!$D:$D, A86, 'طلبات خارجة للشحن'!$A:$A, B4)) -> 0
A88: ='قائمة الموديلات'!$A$86 -> 0 | B88: =IF(B4="",SUMIF('طلبات خارجة للشحن'!$D:$D, A87, 'طلبات خارجة للشحن'!$H:$H),SUMIFS('طلبات خارجة للشحن'!$H:$H, 'طلبات خارجة للشحن'!$D:$D, A87, 'طلبات خارجة للشحن'!$A:$A, B4)) -> 0
A89: ='قائمة الموديلات'!$A$87 -> 0 | B89: =IF(B4="",SUMIF('طلبات خارجة للشحن'!$D:$D, A88, 'طلبات خارجة للشحن'!$H:$H),SUMIFS('طلبات خارجة للشحن'!$H:$H, 'طلبات خارجة للشحن'!$D:$D, A88, 'طلبات خارجة للشحن'!$A:$A, B4)) -> 0
A90: ='قائمة الموديلات'!$A$88 -> 0 | B90: =IF(B4="",SUMIF('طلبات خارجة للشحن'!$D:$D, A89, 'طلبات خارجة للشحن'!$H:$H),SUMIFS('طلبات خارجة للشحن'!$H:$H, 'طلبات خارجة للشحن'!$D:$D, A89, 'طلبات خارجة للشحن'!$A:$A, B4)) -> 0
A91: ='قائمة الموديلات'!$A$89 -> 0 | B91: =IF(B4="",SUMIF('طلبات خارجة للشحن'!$D:$D, A90, 'طلبات خارجة للشحن'!$H:$H),SUMIFS('طلبات خارجة للشحن'!$H:$H, 'طلبات خارجة للشحن'!$D:$D, A90, 'طلبات خارجة للشحن'!$A:$A, B4)) -> 0
A92: ='قائمة الموديلات'!$A$90 -> 0 | B92: =IF(B4="",SUMIF('طلبات خارجة للشحن'!$D:$D, A91, 'طلبات خارجة للشحن'!$H:$H),SUMIFS('طلبات خارجة للشحن'!$H:$H, 'طلبات خارجة للشحن'!$D:$D, A91, 'طلبات خارجة للشحن'!$A:$A, B4)) -> 0
A93: ='قائمة الموديلات'!$A$91 -> 0 | B93: =IF(B4="",SUMIF('طلبات خارجة للشحن'!$D:$D, A92, 'طلبات خارجة للشحن'!$H:$H),SUMIFS('طلبات خارجة للشحن'!$H:$H, 'طلبات خارجة للشحن'!$D:$D, A92, 'طلبات خارجة للشحن'!$A:$A, B4)) -> 0
A94: ='قائمة الموديلات'!$A$92 -> 0 | B94: =IF(B4="",SUMIF('طلبات خارجة للشحن'!$D:$D, A93, 'طلبات خارجة للشحن'!$H:$H),SUMIFS('طلبات خارجة للشحن'!$H:$H, 'طلبات خارجة للشحن'!$D:$D, A93, 'طلبات خارجة للشحن'!$A:$A, B4)) -> 0
A95: ='قائمة الموديلات'!$A$93 -> 0 | B95: =IF(B4="",SUMIF('طلبات خارجة للشحن'!$D:$D, A94, 'طلبات خارجة للشحن'!$H:$H),SUMIFS('طلبات خارجة للشحن'!$H:$H, 'طلبات خارجة للشحن'!$D:$D, A94, 'طلبات خارجة للشحن'!$A:$A, B4)) -> 0
A96: ='قائمة الموديلات'!$A$94 -> 0 | B96: =IF(B4="",SUMIF('طلبات خارجة للشحن'!$D:$D, A95, 'طلبات خارجة للشحن'!$H:$H),SUMIFS('طلبات خارجة للشحن'!$H:$H, 'طلبات خارجة للشحن'!$D:$D, A95, 'طلبات خارجة للشحن'!$A:$A, B4)) -> 0
A97: ='قائمة الموديلات'!$A$95 -> 0 | B97: =IF(B4="",SUMIF('طلبات خارجة للشحن'!$D:$D, A96, 'طلبات خارجة للشحن'!$H:$H),SUMIFS('طلبات خارجة للشحن'!$H:$H, 'طلبات خارجة للشحن'!$D:$D, A96, 'طلبات خارجة للشحن'!$A:$A, B4)) -> 0
A98: ='قائمة الموديلات'!$A$96 -> 0 | B98: =IF(B4="",SUMIF('طلبات خارجة للشحن'!$D:$D, A97, 'طلبات خارجة للشحن'!$H:$H),SUMIFS('طلبات خارجة للشحن'!$H:$H, 'طلبات خارجة للشحن'!$D:$D, A97, 'طلبات خارجة للشحن'!$A:$A, B4)) -> 0
A99: ='قائمة الموديلات'!$A$97 -> 0 | B99: =IF(B4="",SUMIF('طلبات خارجة للشحن'!$D:$D, A98, 'طلبات خارجة للشحن'!$H:$H),SUMIFS('طلبات خارجة للشحن'!$H:$H, 'طلبات خارجة للشحن'!$D:$D, A98, 'طلبات خارجة للشحن'!$A:$A, B4)) -> 0
A100: ='قائمة الموديلات'!$A$98 -> 0 | B100: =IF(B4="",SUMIF('طلبات خارجة للشحن'!$D:$D, A99, 'طلبات خارجة للشحن'!$H:$H),SUMIFS('طلبات خارجة للشحن'!$H:$H, 'طلبات خارجة للشحن'!$D:$D, A99, 'طلبات خارجة للشحن'!$A:$A, B4)) -> 0
A101: ='قائمة الموديلات'!$A$99 -> 0 | B101: =IF(B4="",SUMIF('طلبات خارجة للشحن'!$D:$D, A100, 'طلبات خارجة للشحن'!$H:$H),SUMIFS('طلبات خارجة للشحن'!$H:$H, 'طلبات خارجة للشحن'!$D:$D, A100, 'طلبات خارجة للشحن'!$A:$A, B4)) -> 0
...

Sheet تعليمات الاستخدام
A1: قالب التقرير اليومي (مُحدث): إدخال / تأكيد / خروج
A3: خطوات لأ. هبة:
A4: 1) راجعي/كمّلي بيانات 'قائمة الموديلات'.
A5: 2) أدخلي الطلبات في الجداول الثلاثة واختروا الموديل من القائمة المنسدلة.
A6: 3) استخدمي شيتات 'الملخص' لرؤية إجمالي الكمية لكل موديل (مع إمكانية تحديد تاريخ يوم معيّن).
